time,tavg,tmin,tmax,prcp,snow,wdir,wspd,wpgt,pres,tsun
2024-01-01,22.8,19.0,28.0,0.2,,,10.7,,1016.8,
2024-01-02,23.4,21.0,27.0,0.1,,,11.7,,1016.0,
2024-01-03,19.5,17.0,22.0,9.7,,,13.0,,1019.9,
2024-01-04,19.1,17.0,21.0,0.0,,,8.8,,1019.0,
2024-01-05,20.2,18.0,23.0,0.0,,,6.5,,1017.6,
2024-01-06,22.1,20.0,26.0,5.0,,,6.5,,1018.4,
2024-01-07,21.9,19.0,25.0,1.6,,,10.7,,1018.2,
2024-01-08,22.6,20.0,26.0,0.2,,,14.1,,1016.0,
2024-01-09,23.1,21.0,26.0,3.0,,,12.8,,1014.9,
2024-01-10,19.6,18.0,22.0,21.4,,,12.9,,1016.4,
2024-01-11,17.4,17.0,18.0,11.3,,,8.4,,1017.6,
2024-01-12,17.5,17.0,18.0,5.9,,,6.1,,1017.1,
2024-01-13,18.3,18.0,19.0,18.1,,,5.9,,1018.0,
2024-01-14,19.2,18.0,20.0,1.4,,,4.7,,1019.5,
2024-01-15,21.2,19.0,24.0,1.9,,,5.5,,1019.5,
2024-01-16,20.7,18.0,24.0,6.5,,,7.7,,1018.8,
2024-01-17,20.4,19.0,22.0,2.9,,,8.3,,1016.9,
2024-01-18,22.3,20.0,27.0,0.1,,,13.3,,1015.2,
2024-01-19,22.5,20.0,27.0,0.3,,,13.0,,1014.0,
2024-01-20,22.9,19.0,26.0,4.0,,,15.0,,1014.6,
2024-01-21,16.0,14.0,18.0,4.8,,,16.2,,1018.2,
2024-01-22,12.2,10.0,14.0,10.8,,,18.0,,1023.4,
2024-01-23,10.1,8.0,12.0,0.2,,,13.8,,1029.0,
2024-01-24,10.0,9.0,12.0,0.0,,,13.2,,1029.3,
2024-01-25,11.2,10.0,13.0,0.0,,,10.0,,1029.1,
2024-01-26,11.9,11.0,14.0,0.0,,,11.7,,1027.9,
2024-01-27,10.7,9.0,12.0,0.0,,,11.4,,1026.9,
2024-01-28,12.3,11.0,14.0,1.2,,,11.9,,1026.6,
2024-01-29,12.8,11.0,15.0,0.5,,,5.3,,1023.1,
2024-01-30,14.8,13.0,16.0,0.0,,,3.8,,1019.5,
2024-01-31,16.7,15.0,19.0,0.0,,,5.1,,1017.1,
2024-02-01,19.0,17.0,21.0,0.0,,,5.4,,1016.0,
2024-02-02,21.8,20.0,25.0,0.1,,,8.5,,1014.4,
2024-02-03,22.2,21.0,25.0,0.8,,,14.2,,1014.8,
2024-02-04,23.6,21.0,28.0,0.1,,,12.6,,1013.7,
2024-02-05,23.6,21.0,27.0,1.1,,,16.2,,1013.6,
2024-02-06,21.2,18.0,24.0,4.8,,,13.5,,1015.5,
2024-02-07,15.8,13.0,18.0,1.4,,,17.7,,1015.5,
2024-02-08,13.3,12.0,15.0,0.1,,,17.3,,1018.4,
2024-02-09,14.8,12.0,17.0,0.0,,,11.4,,1024.6,
2024-02-10,17.5,15.0,21.0,0.0,,,6.1,,1027.2,
2024-02-11,19.2,16.0,23.0,0.0,,,6.4,,1026.8,
2024-02-12,18.5,12.0,24.0,0.0,,,9.1,,1023.2,
2024-02-13,20.6,16.0,26.0,0.0,,,12.5,,1019.8,
2024-02-14,21.8,20.0,24.0,0.3,,,14.5,,1017.4,
2024-02-15,21.3,19.0,24.0,0.4,,,8.0,,1018.0,
2024-02-16,21.3,19.0,25.0,1.0,,,9.1,,1018.6,
2024-02-17,21.0,17.0,25.0,0.1,,,14.8,,1013.3,
2024-02-18,23.3,21.0,27.0,0.0,,,13.3,,1011.3,
2024-02-19,24.3,22.0,27.0,0.0,,,15.3,,1010.7,
2024-02-20,24.0,23.0,26.0,0.1,,,15.2,,1009.2,
2024-02-21,25.1,24.0,27.0,0.0,,,13.9,,1009.3,
2024-02-22,23.9,23.0,26.0,0.6,,,14.0,,1012.6,
2024-02-23,18.5,15.0,23.0,0.8,,,15.2,,1016.4,
2024-02-24,12.8,12.0,14.0,4.7,,,16.8,,1020.3,
2024-02-25,12.8,11.0,14.0,0.7,,,11.3,,1021.0,
2024-02-26,13.5,12.0,15.0,0.0,,,13.4,,1020.7,
2024-02-27,13.1,12.0,15.0,0.5,,,13.7,,1021.0,
2024-02-28,13.4,12.0,15.0,0.0,,,10.0,,1017.1,
2024-02-29,14.6,13.0,16.0,0.2,,,12.4,,1018.2,
2024-03-01,14.3,13.0,16.0,0.0,,,13.9,,1021.7,
2024-03-02,14.7,13.0,17.0,0.0,,,10.4,,1022.0,
2024-03-03,16.7,14.0,19.0,0.0,,,11.7,,1014.7,
2024-03-04,18.0,16.0,20.0,0.0,,,5.6,,1007.3,
2024-03-05,23.1,19.0,30.0,0.0,,,6.8,,1004.4,
2024-03-06,24.2,20.0,29.0,0.0,,,10.5,,1007.2,
2024-03-07,21.9,20.0,24.0,0.0,,,11.6,,1013.1,
2024-03-08,19.8,18.0,21.0,0.0,,,7.5,,1015.2,
2024-03-09,17.0,16.0,19.0,2.3,,,9.1,,1015.2,
2024-03-10,16.7,16.0,18.0,1.0,,,10.3,,1016.0,
2024-03-11,19.8,16.0,25.0,0.0,,,11.0,,1018.6,
2024-03-12,20.7,17.0,25.0,0.0,,,11.4,,1015.9,
2024-03-13,20.4,19.0,23.0,1.4,,,10.0,,1012.8,
2024-03-14,20.2,19.0,21.0,4.4,,,8.4,,1013.6,
2024-03-15,21.0,19.0,23.0,4.4,,,8.6,,1011.0,
2024-03-16,23.2,22.0,25.0,0.9,,,10.3,,1012.9,
2024-03-17,23.4,22.0,25.0,0.6,,,10.2,,1013.6,
2024-03-18,23.9,23.0,26.0,0.3,,,11.6,,1013.0,
2024-03-19,19.4,17.0,23.0,35.5,,,12.6,,1019.4,
2024-03-20,20.0,18.0,23.0,0.0,,,6.1,,1022.3,
2024-03-21,21.4,17.0,26.0,0.0,,,12.3,,1014.9,
2024-03-22,20.6,18.0,23.0,0.0,,,9.6,,1009.2,
2024-03-23,24.9,22.0,29.0,0.0,,,15.1,,1007.8,
2024-03-24,24.5,24.0,25.0,0.0,,,13.2,,1009.7,
2024-03-25,26.2,23.0,30.0,0.1,,,12.3,,1011.3,
2024-03-26,26.5,23.0,30.0,0.6,,,14.0,,1013.9,
2024-03-27,26.0,24.0,29.0,1.0,,,14.4,,1014.0,
2024-03-28,24.4,23.0,26.0,10.0,,,10.1,,1012.6,
2024-03-29,23.2,21.0,27.0,13.6,,,7.9,,1013.2,
2024-03-30,25.4,22.0,30.0,0.0,,,10.9,,1010.6,
2024-03-31,27.4,24.0,32.0,0.0,,,9.3,,1007.5,
2024-04-01,27.8,25.0,33.0,0.0,,,11.7,,1004.0,
2024-04-02,27.6,25.0,33.0,0.0,,,13.2,,1002.8,
2024-04-03,28.1,26.0,32.0,0.0,,,12.2,,1004.2,
2024-04-04,27.7,26.0,31.0,0.0,,,14.2,,1005.1,
2024-04-05,26.8,25.0,28.0,3.9,,,17.0,,1007.2,
2024-04-06,25.7,24.0,28.0,0.2,,,14.7,,1008.6,
2024-04-07,24.1,23.0,25.0,2.0,,,11.5,,1007.7,
2024-04-08,22.7,21.0,24.0,2.6,,,11.7,,1011.9,
2024-04-09,23.1,21.0,25.0,0.2,,,6.8,,1014.5,
2024-04-10,23.1,22.0,24.0,0.1,,,7.5,,1014.4,
2024-04-11,25.4,23.0,29.0,0.0,,,10.0,,1013.2,
2024-04-12,27.1,24.0,31.0,0.0,,,12.3,,1011.4,
2024-04-13,27.6,26.0,31.0,0.0,,,16.9,,1008.5,
2024-04-14,27.3,26.0,30.0,0.0,,,14.0,,1008.6,
2024-04-15,27.0,26.0,29.0,0.0,,,13.5,,1009.7,
2024-04-16,28.3,25.0,33.0,0.5,,,17.0,,1007.8,
2024-04-17,27.1,25.0,30.0,0.3,,,13.7,,1006.5,
2024-04-18,27.2,24.0,32.0,12.5,,,12.8,,1004.7,
2024-04-19,28.2,26.0,31.0,0.0,,,15.1,,1001.9,
2024-04-20,28.8,24.0,34.0,0.3,,,13.3,,1002.2,
2024-04-21,27.2,24.0,32.0,0.0,,,11.8,,1004.2,
2024-04-22,26.5,24.0,29.0,3.0,,,10.5,,1005.8,
2024-04-23,28.0,26.0,31.0,3.6,,,10.9,,1006.1,
2024-04-24,25.5,23.0,28.0,4.0,,,9.0,,1006.8,
2024-04-25,28.9,25.0,34.0,0.0,,,11.0,,1004.0,
2024-04-26,30.9,27.0,36.0,0.0,,,10.1,,1000.9,
2024-04-27,31.9,27.0,40.0,0.0,,,10.0,,999.5,
2024-04-28,30.3,27.0,35.0,0.0,,,14.4,,1002.0,
2024-04-29,30.2,28.0,34.0,0.0,,,13.8,,1001.7,
2024-04-30,31.0,27.0,36.0,0.0,,,11.6,,999.1,
2024-05-01,25.8,24.0,28.0,0.1,,,12.4,,1004.9,
2024-05-02,24.0,22.0,26.0,1.7,,,11.1,,1008.1,
2024-05-03,25.0,23.0,27.0,55.9,,,12.4,,1007.8,
2024-05-04,28.0,25.0,33.0,0.5,,,12.7,,1004.5,
2024-05-05,26.3,24.0,28.0,2.1,,,11.6,,1008.3,
2024-05-06,25.8,23.0,28.0,18.3,,,7.4,,1011.0,
2024-05-07,27.1,25.0,30.0,26.0,,,8.4,,1012.6,
2024-05-08,27.1,26.0,30.0,15.0,,,10.5,,1011.7,
2024-05-09,26.0,23.0,31.0,24.3,,,11.0,,1012.6,
2024-05-10,27.8,24.0,32.0,4.3,,,11.9,,1011.4,
2024-05-11,29.1,26.0,33.0,6.5,,,14.0,,1010.7,
2024-05-12,28.4,25.0,34.0,26.3,,,11.5,,1010.2,
2024-05-13,26.6,23.0,30.0,14.4,,,9.9,,1011.9,
2024-05-14,28.0,24.0,32.0,0.1,,,8.0,,1011.1,
2024-05-15,27.4,24.0,31.0,25.9,,,11.0,,1012.2,
2024-05-16,27.3,25.0,31.0,5.7,,,10.3,,1012.8,
2024-05-17,27.8,25.0,31.0,1.6,,,10.6,,1009.9,
2024-05-18,29.0,27.0,32.0,4.7,,,14.8,,1004.7,
2024-05-19,28.3,25.0,32.0,19.7,,,11.4,,1002.4,
2024-05-20,27.7,25.0,31.0,7.8,,,8.4,,1005.8,
2024-05-21,28.2,26.0,34.0,0.3,,,6.7,,1007.7,
2024-05-22,28.6,25.0,33.0,7.6,,,8.0,,1008.6,
2024-05-23,28.0,26.0,32.0,1.3,,,6.0,,1008.0,
2024-05-24,29.4,26.0,35.0,15.7,,,9.5,,1007.6,
2024-05-25,28.0,26.0,32.0,12.4,,,10.2,,1007.5,
2024-05-26,30.8,26.0,35.0,3.0,,,10.4,,1004.8,
2024-05-27,32.0,28.0,36.0,0.0,,,8.2,,1001.0,
2024-05-28,31.6,29.0,35.0,3.6,,,8.3,,1000.6,
2024-05-29,32.0,29.0,36.0,2.0,,,14.8,,1000.7,
2024-05-30,30.1,26.0,35.0,15.7,,,13.8,,1000.5,
2024-05-31,26.7,23.0,29.0,2.9,,,8.3,,1006.0,
2024-06-01,30.2,27.0,34.0,0.0,,,6.6,,1007.2,
2024-06-02,31.0,27.0,36.0,8.0,,,11.6,,1005.9,
2024-06-03,30.6,27.0,37.0,28.6,,,10.8,,1002.8,
2024-06-04,29.1,27.0,33.0,16.3,,,9.4,,1003.9,
2024-06-05,27.1,26.0,29.0,126.0,,,10.9,,1006.9,
2024-06-06,26.3,24.0,29.0,42.2,,,7.6,,1008.5,
2024-06-07,28.5,26.0,33.0,10.9,,,7.6,,1004.9,
2024-06-08,28.9,26.0,33.0,49.5,,,11.0,,1002.7,
2024-06-09,26.0,26.0,26.0,41.0,,,10.3,,1003.9,
2024-06-10,28.0,26.0,31.0,18.8,,,10.2,,1005.2,
2024-06-11,30.3,28.0,35.0,0.8,,,11.0,,1004.8,
2024-06-12,31.5,28.0,35.0,1.0,,,7.0,,1003.8,
2024-06-13,33.0,29.0,37.0,0.0,,,6.7,,1000.9,
2024-06-14,33.4,30.0,37.0,0.5,,,8.7,,999.3,
2024-06-15,31.2,29.0,34.0,1.3,,,8.1,,1001.0,
2024-06-16,31.4,27.0,36.0,0.9,,,10.1,,1002.0,
2024-06-17,30.5,26.0,37.0,24.2,,,10.2,,1001.2,
2024-06-18,29.7,26.0,35.0,0.2,,,11.0,,1000.8,
2024-06-19,31.2,24.0,38.0,12.5,,,11.5,,1000.2,
2024-06-20,30.8,26.0,36.0,0.0,,,8.6,,1000.3,
2024-06-21,30.8,29.0,35.0,0.0,,,12.1,,1001.3,
2024-06-22,31.4,29.0,34.0,0.6,,,15.0,,1002.8,
2024-06-23,30.8,28.0,35.0,8.5,,,10.3,,1002.8,
2024-06-24,28.8,27.0,32.0,31.8,,,8.6,,1002.8,
2024-06-25,27.7,26.0,31.0,16.5,,,10.3,,1002.9,
2024-06-26,27.9,26.0,30.0,18.2,,,11.7,,1007.6,
2024-06-27,28.6,25.0,33.0,13.4,,,11.0,,1008.4,
2024-06-28,30.1,28.0,33.0,0.5,,,16.0,,1005.8,
2024-06-29,31.4,29.0,36.0,0.0,,,11.3,,1003.2,
2024-06-30,32.1,28.0,36.0,0.0,,,10.1,,1001.9,
2024-07-01,32.5,30.0,35.0,0.0,,,10.5,,1000.0,
2024-07-02,29.1,27.0,31.0,11.8,,,10.8,,1001.6,
2024-07-03,27.0,26.0,29.0,16.6,,,9.0,,1006.3,
2024-07-04,30.0,26.0,34.0,2.7,,,13.0,,1008.5,
2024-07-05,29.8,26.0,35.0,0.4,,,13.1,,1006.0,
2024-07-06,30.5,27.0,35.0,0.2,,,14.2,,1005.3,
2024-07-07,31.3,28.0,35.0,1.1,,,15.6,,1005.9,
2024-07-08,31.3,28.0,35.0,0.0,,,15.6,,1005.0,
2024-07-09,31.0,29.0,36.0,0.0,,,14.8,,1004.5,
2024-07-10,29.4,26.0,32.0,4.6,,,10.3,,1004.7,
2024-07-11,30.5,27.0,36.0,0.0,,,10.6,,1002.9,
2024-07-12,31.5,28.0,36.0,0.6,,,10.8,,1001.2,
2024-07-13,31.7,29.0,36.0,9.6,,,17.4,,1000.8,
2024-07-14,30.0,26.0,33.0,4.6,,,11.8,,1003.9,
2024-07-15,29.4,26.0,35.0,26.4,,,8.8,,1005.5,
2024-07-16,29.9,27.0,35.0,19.1,,,9.5,,1005.6,
2024-07-17,28.8,26.0,33.0,37.7,,,8.9,,1004.8,
2024-07-18,27.6,26.0,30.0,16.3,,,13.0,,1003.8,
2024-07-19,28.3,26.0,32.0,24.9,,,11.5,,1003.9,
2024-07-20,28.5,27.0,32.0,2.7,,,9.4,,1004.8,
2024-07-21,30.5,27.0,36.0,4.7,,,9.9,,1004.8,
2024-07-22,29.5,26.0,33.0,3.6,,,7.3,,1002.3,
2024-07-23,26.7,25.0,30.0,93.7,,,13.7,,997.7,
2024-07-24,27.9,26.0,32.0,17.2,,,10.7,,995.5,
2024-07-25,29.5,27.0,33.0,4.4,,,8.7,,994.9,
2024-07-26,32.5,27.0,37.0,0.0,,,9.6,,995.3,
2024-07-27,32.7,28.0,37.0,5.4,,,9.5,,998.6,
2024-07-28,28.3,24.0,32.0,7.0,,,8.9,,1001.9,
2024-07-29,27.7,26.0,30.0,30.8,,,11.0,,1001.2,
2024-07-30,27.5,26.0,31.0,21.4,,,11.7,,1001.2,
2024-07-31,28.6,26.0,31.0,1.5,,,8.4,,1002.2,
2024-08-01,29.2,27.0,31.0,9.4,,,9.2,,1003.2,
2024-08-02,27.4,26.0,29.0,37.0,,,11.3,,1003.3,
2024-08-03,28.5,26.0,32.0,9.3,,,7.8,,1004.9,
2024-08-04,30.5,27.0,35.0,0.1,,,14.3,,1006.3,
2024-08-05,30.6,28.0,34.0,12.3,,,12.1,,1005.4,
2024-08-06,30.9,27.0,35.0,6.9,,,11.7,,1004.8,
2024-08-07,30.4,28.0,36.0,0.1,,,9.5,,1005.2,
2024-08-08,31.2,26.0,37.0,0.0,,,9.9,,1004.8,
2024-08-09,32.5,27.0,38.0,0.0,,,9.4,,1002.2,
2024-08-10,32.7,27.0,38.0,2.1,,,11.0,,1000.2,
2024-08-11,28.2,24.0,32.0,6.0,,,10.2,,1001.4,
2024-08-12,29.6,27.0,33.0,34.4,,,9.3,,1001.6,
2024-08-13,28.6,26.0,32.0,6.7,,,8.8,,1004.2,
2024-08-14,27.5,26.0,30.0,6.3,,,8.0,,1005.5,
2024-08-15,28.7,26.0,33.0,7.8,,,8.6,,1004.4,
2024-08-16,29.9,26.0,35.0,4.1,,,6.5,,1004.2,
2024-08-17,29.7,27.0,33.0,3.0,,,7.6,,1005.3,
2024-08-18,30.0,28.0,34.0,8.6,,,7.6,,1005.4,
2024-08-19,29.4,27.0,33.0,6.6,,,7.0,,1003.6,
2024-08-20,29.5,27.0,33.0,10.0,,,8.2,,1004.1,
2024-08-21,28.9,27.0,33.0,6.8,,,6.7,,1005.9,
2024-08-22,29.6,24.0,35.0,6.5,,,10.9,,1007.0,
2024-08-23,25.1,24.0,26.0,2.5,,,9.0,,1009.2,
2024-08-24,26.6,24.0,32.0,29.7,,,8.3,,1007.8,
2024-08-25,27.9,25.0,32.0,14.7,,,10.4,,1005.8,
2024-08-26,30.0,27.0,35.0,8.0,,,8.1,,1004.0,
2024-08-27,30.4,27.0,35.0,7.8,,,8.0,,1004.0,
2024-08-28,31.7,28.0,36.0,0.0,,,7.9,,1003.1,
2024-08-29,31.3,28.0,35.0,0.0,,,7.6,,1002.9,
2024-08-30,29.2,25.0,32.0,39.1,,,10.8,,1003.3,
2024-08-31,30.2,27.0,35.0,1.0,,,7.5,,1003.8,
2024-09-01,29.4,27.0,33.0,5.1,,,7.4,,1003.9,
2024-09-02,31.1,27.0,35.0,2.0,,,7.2,,1003.6,
2024-09-03,29.3,25.0,34.0,40.4,,,10.6,,1004.0,
2024-09-04,30.7,26.0,36.0,0.0,,,6.5,,1003.0,
2024-09-05,31.4,27.0,37.0,1.7,,,8.9,,1001.0,
2024-09-06,29.9,26.0,37.0,14.6,,,12.3,,999.6,
2024-09-07,26.4,25.0,28.0,108.5,,,33.4,,993.0,
2024-09-08,27.2,25.0,30.0,16.8,,,22.3,,998.9,
2024-09-09,27.5,25.0,30.0,34.0,,,15.3,,1003.3,
2024-09-10,25.5,24.0,29.0,22.2,,,7.5,,1006.1,
2024-09-11,25.1,24.0,27.0,52.5,,,9.1,,1007.9,
2024-09-12,27.5,25.0,31.0,18.3,,,9.1,,1007.5,
2024-09-13,28.5,25.0,33.0,0.9,,,8.7,,1005.2,
2024-09-14,29.6,25.0,35.0,1.1,,,7.2,,1002.9,
2024-09-15,30.1,27.0,35.0,5.0,,,6.7,,1002.4,
2024-09-16,28.4,24.0,33.0,5.6,,,12.6,,1004.6,
2024-09-17,28.8,26.0,33.0,19.4,,,10.1,,1005.3,
2024-09-18,30.0,27.0,34.0,7.6,,,7.6,,1003.9,
2024-09-19,30.8,28.0,35.0,9.0,,,10.3,,1002.8,
2024-09-20,29.0,26.0,34.0,22.1,,,9.3,,1003.1,
2024-09-21,28.0,25.0,34.0,26.8,,,11.4,,1004.6,
2024-09-22,26.8,26.0,28.0,55.0,,,10.6,,1006.1,
2024-09-23,26.5,24.0,30.0,3.7,,,8.5,,1009.4,
2024-09-24,27.5,23.0,33.0,0.0,,,7.1,,1010.0,
2024-09-25,27.1,25.0,29.0,0.0,,,7.7,,1011.0,
2024-09-26,28.3,25.0,32.0,0.0,,,8.7,,1011.0,
2024-09-27,29.0,25.0,34.0,0.0,,,8.6,,1010.1,
2024-09-28,29.8,27.0,35.0,0.3,,,13.2,,1007.8,
2024-09-29,29.6,27.0,34.0,16.2,,,16.2,,1006.3,
2024-09-30,27.5,26.0,30.0,51.8,,,10.0,,1005.7,
2024-10-01,27.8,25.0,33.0,43.7,,,14.0,,1009.2,
2024-10-02,25.8,24.0,29.0,0.0,,,11.7,,1015.1,
2024-10-03,25.6,22.0,29.0,0.0,,,9.0,,1015.7,
2024-10-04,25.5,20.0,30.0,0.0,,,6.4,,1015.4,
2024-10-05,25.8,21.0,31.0,0.0,,,6.2,,1014.3,
2024-10-06,26.8,21.0,33.0,0.0,,,6.7,,1014.7,
2024-10-07,28.1,23.0,33.0,0.0,,,8.4,,1015.5,
2024-10-08,28.0,25.0,32.0,0.0,,,9.4,,1014.9,
2024-10-09,26.8,24.0,30.0,0.0,,,7.6,,1014.0,
2024-10-10,26.6,22.0,31.0,0.0,,,6.8,,1013.2,
2024-10-11,27.4,23.0,32.0,0.0,,,6.2,,1012.8,
2024-10-12,27.6,23.0,32.0,0.4,,,8.4,,1013.6,
2024-10-13,28.1,24.0,33.0,0.4,,,9.4,,1013.2,
2024-10-14,28.3,24.0,33.0,1.0,,,7.3,,1012.0,
2024-10-15,27.3,24.0,32.0,6.7,,,10.1,,1012.5,
2024-10-16,27.2,24.0,31.0,1.3,,,6.1,,1013.4,
2024-10-17,28.8,26.0,33.0,0.5,,,8.8,,1011.4,
2024-10-18,29.0,25.0,34.0,1.0,,,9.3,,1010.9,
2024-10-19,28.8,25.0,34.0,1.5,,,9.3,,1013.1,
2024-10-20,29.2,26.0,34.0,0.9,,,7.6,,1015.1,
2024-10-21,26.2,25.0,29.0,12.2,,,5.3,,1014.5,
2024-10-22,28.0,24.0,33.0,1.8,,,6.6,,1014.5,
2024-10-23,27.1,24.0,30.0,0.0,,,14.6,,1015.1,
2024-10-24,25.6,20.0,32.0,0.0,,,7.9,,1012.7,
2024-10-25,24.5,18.0,32.0,0.0,,,6.2,,1010.0,
2024-10-26,26.1,20.0,32.0,0.0,,,10.4,,1008.4,
2024-10-27,24.0,20.0,28.0,29.1,,,15.4,,1010.3,
2024-10-28,22.6,21.0,25.0,0.3,,,12.6,,1011.9,
2024-10-29,24.4,21.0,27.0,0.5,,,10.0,,1011.5,
2024-10-30,26.3,22.0,32.0,0.0,,,8.2,,1011.6,
2024-10-31,26.5,22.0,32.0,0.0,,,6.3,,1010.1,
2024-11-01,27.3,22.0,33.0,0.0,,,8.6,,1012.3,
2024-11-02,25.5,20.0,31.0,0.0,,,8.4,,1016.8,
2024-11-03,24.3,20.0,27.0,0.0,,,6.2,,1017.5,
2024-11-04,25.0,23.0,28.0,0.2,,,7.4,,1017.5,
2024-11-05,24.2,22.0,27.0,5.4,,,8.6,,1019.1,
2024-11-06,25.2,22.0,28.0,0.0,,,8.0,,1019.3,
2024-11-07,25.6,23.0,29.0,0.0,,,8.4,,1019.1,
2024-11-08,24.4,19.0,29.0,0.0,,,6.4,,1017.7,
2024-11-09,24.4,19.0,30.0,0.0,,,5.6,,1015.2,
2024-11-10,25.2,19.0,32.0,0.0,,,7.1,,1015.2,
2024-11-11,26.0,20.0,32.0,0.0,,,5.7,,1014.1,
2024-11-12,26.7,22.0,31.0,0.0,,,7.1,,1012.6,
2024-11-13,26.8,23.0,32.0,0.0,,,9.1,,1011.0,
2024-11-14,27.0,23.0,31.0,0.0,,,8.4,,1010.4,
2024-11-15,27.5,24.0,32.0,0.0,,,8.5,,1009.7,
2024-11-16,27.5,25.0,31.0,0.0,,,9.9,,1010.9,
2024-11-17,27.2,23.0,32.0,0.0,,,6.2,,1013.4,
2024-11-18,25.7,23.0,30.0,4.7,,,9.5,,1015.9,
2024-11-19,26.0,23.0,30.0,0.0,,,9.5,,1017.2,
2024-11-20,24.3,20.0,28.0,0.0,,,9.7,,1018.0,
2024-11-21,22.5,19.0,26.0,0.0,,,10.2,,1018.2,
2024-11-22,23.1,20.0,27.0,0.0,,,9.4,,1018.3,
2024-11-23,23.2,20.0,26.0,0.0,,,8.8,,1018.7,
2024-11-24,22.6,19.0,25.0,0.0,,,5.7,,1017.9,
2024-11-25,24.2,22.0,28.0,0.4,,,6.2,,1017.0,
2024-11-26,20.9,19.0,23.0,2.3,,,13.0,,1019.0,
2024-11-27,20.5,20.0,22.0,0.0,,,11.6,,1021.2,
2024-11-28,19.8,18.0,22.0,0.0,,,14.1,,1024.1,
2024-11-29,21.2,18.0,26.0,0.0,,,6.8,,1021.4,
2024-11-30,20.6,15.0,25.0,0.0,,,7.8,,1016.8,
2024-12-01,20.8,15.0,26.0,0.0,,,9.5,,1013.1,
2024-12-02,22.5,20.0,26.0,0.0,,,6.6,,1013.4,
2024-12-03,23.9,21.0,27.0,0.4,,,10.7,,1013.7,
2024-12-04,23.7,21.0,27.0,0.1,,,10.8,,1014.2,
2024-12-05,23.3,20.0,27.0,0.0,,,9.4,,1014.5,
2024-12-06,21.1,19.0,23.0,7.5,,,11.6,,1014.4,
2024-12-07,18.7,18.0,20.0,1.2,,,17.3,,1017.4,
2024-12-08,17.0,16.0,18.0,0.1,,,12.2,,1020.1,
2024-12-09,18.3,16.0,22.5,0.0,,,5.5,,1017.3,
2024-12-10,20.4,18.0,25.0,0.0,,,6.7,,1013.1,
2024-12-11,18.9,17.0,20.0,4.1,,,12.9,,1012.4,
2024-12-12,16.6,16.0,17.0,,,,12.9,,1014.8,
2024-12-13,16.5,15.0,18.0,0.0,,,13.0,,1019.5,
2024-12-14,16.3,15.0,17.0,0.0,,,13.1,,1025.9,
2024-12-15,16.0,14.0,18.0,0.0,,,11.1,,1026.5,
2024-12-16,16.9,14.0,22.0,0.0,,,6.1,,1023.5,
2024-12-17,18.5,15.0,22.0,0.0,,,6.8,,1020.2,
2024-12-18,19.7,16.0,24.0,0.0,,,9.6,,1021.2,
2024-12-19,17.5,12.0,23.0,0.0,,,8.4,,1021.2,
2024-12-20,17.6,13.0,22.0,0.0,,,9.6,,1019.2,
2024-12-21,17.7,15.0,22.0,0.0,,,8.2,,1020.0,
2024-12-22,17.1,12.0,22.0,0.0,,,6.7,,1020.2,
2024-12-23,16.5,11.0,22.0,0.0,,,7.0,,1019.8,
2024-12-24,18.5,14.0,21.0,0.0,,,8.5,,1021.0,
2024-12-25,20.1,17.0,25.0,0.0,,,7.5,,1020.1,
2024-12-26,20.8,18.0,24.0,0.0,,,7.8,,1021.9,
2024-12-27,18.4,17.0,20.0,0.0,,,14.4,,1024.2,
2024-12-28,18.8,15.0,23.0,0.0,,,12.3,,1025.9,
2024-12-29,18.0,14.0,22.0,0.0,,,10.7,,1021.5,
2024-12-30,17.6,13.0,21.0,0.0,,,7.3,,1020.6,
2024-12-31,18.2,15.0,20.0,0.0,,,9.5,,1021.0,
2025-01-01,19.9,12.0,25.0,0.0,,,6.1,,1016.8,
