timestamp,edge_id,speed_kmh,duration_s,distance_m
2025-11-27 12:11:01.349943,81805393_11950483412,4.5,12,15
2025-11-27 12:11:01.753056,81806535_1497544749,13.68,10,38
2025-11-27 12:11:02.064119,81806535_5707161153,8.32,125,289
2025-11-27 12:11:02.304856,98026475_6677338241,16.25,136,614
2025-11-27 12:11:02.654721,98027697_7985603138,18.51,7,36
2025-11-27 12:11:02.887478,98027697_10130533953,14.42,180,721
2025-11-27 12:11:03.141290,98031401_6661055810,0.0,15,0
2025-11-27 12:11:03.687415,98035472_12816414547,12.02,269,898
2025-11-27 12:11:04.208889,98041254_420522002,24.48,5,34
2025-11-27 12:11:04.401278,98041257_98041849,8.7,12,29
2025-11-27 12:11:04.593138,98041257_5710673974,15.84,5,22
2025-11-27 12:11:04.767303,98041257_5710673979,32.4,3,27
2025-11-27 12:11:04.979067,98041849_98041257,9.49,11,29
2025-11-27 12:11:05.311469,98041849_733429120,6.32,37,65
2025-11-27 12:11:05.670441,98041851_2084132002,27.36,5,38
2025-11-27 12:11:05.927825,98042270_309816682,16.85,132,618
2025-11-27 12:11:06.303634,106078638_6587651051,36.0,5,50
2025-11-27 12:11:06.492157,106078638_442990465,22.5,8,50
2025-11-27 12:11:06.802240,106108917_2176926218,22.12,96,590
2025-11-27 12:11:06.986730,106111364_6644672135,21.77,21,127
2025-11-27 12:11:07.180089,106111364_446030797,14.78,227,932
2025-11-27 12:11:07.415654,283139229_444875375,7.2,10,20
2025-11-27 12:11:07.657846,283139229_5718871870,16.4,171,779
2025-11-27 12:11:07.868830,283139229_6650982900,27.0,6,45
2025-11-27 12:11:08.253676,283139237_2188036136,22.13,34,209
2025-11-27 12:11:08.512402,308728680_1314203102,7.65,8,17
2025-11-27 12:11:08.759552,308728680_310729950,10.38,301,868
2025-11-27 12:11:08.997748,308728680_2289997644,17.86,26,129
2025-11-27 12:11:09.189627,309595522_6666479030,10.44,10,29
2025-11-27 12:11:09.380288,309685730_6677300866,13.05,8,29
2025-11-27 12:11:09.587301,309685730_2195296719,15.62,157,681
2025-11-27 12:11:09.785990,309685730_309816682,18.24,60,304
2025-11-27 12:11:10.112793,309816682_5718916274,10.36,107,308
2025-11-27 12:11:10.315323,309816683_98035472,9.19,65,166
2025-11-27 12:11:10.525183,309816683_10296445822,10.85,299,901
2025-11-27 12:11:10.723117,309816683_10296445824,12.6,10,35
2025-11-27 12:11:10.984199,310729950_6677364041,10.17,23,65
2025-11-27 12:11:11.127694,310729950_6677300866,4.68,30,39
2025-11-27 12:11:11.377545,317366886_444501629,5.04,15,21
2025-11-27 12:11:11.708352,317778303_427847910,7.2,10,20
2025-11-27 12:11:11.908305,317778303_5716477056,29.88,40,332
2025-11-27 12:11:12.163301,319490613_1104490487,23.64,141,926
2025-11-27 12:11:12.357789,420456583_6621078251,27.0,12,90
2025-11-27 12:11:12.634796,420456583_13023100793,13.46,23,86
2025-11-27 12:11:12.887467,420456595_10965136434,2.52,20,14
2025-11-27 12:11:13.087594,420456595_4541071715,12.81,84,299
2025-11-27 12:11:13.355619,420456615_733429120,13.5,8,30
2025-11-27 12:11:13.509373,420456615_98041257,9.28,26,67
2025-11-27 12:11:13.749329,420456683_5710231827,9.25,220,565
2025-11-27 12:11:13.922728,420456683_5206119178,15.97,16,71
2025-11-27 12:11:14.127452,420456683_1878932244,29.86,17,141
2025-11-27 12:11:14.328958,420457653_11107112923,28.42,38,300
2025-11-27 12:11:14.527170,420460217_1878921396,20.26,287,1615
2025-11-27 12:11:14.795008,420460217_4004297090,2.25,120,75
2025-11-27 12:11:14.998484,420522002_6587550954,29.6,9,74
2025-11-27 12:11:15.280184,421080868_4961341856,9.6,12,32
2025-11-27 12:11:15.466703,421080868_12357580645,14.06,105,410
2025-11-27 12:11:15.737358,427847910_2291072476,13.5,4,15
2025-11-27 12:11:15.944041,427847910_1495030951,18.51,7,36
2025-11-27 12:11:16.204645,428673752_421080868,13.3,85,314
2025-11-27 12:11:16.388987,428673752_2291064324,16.36,11,50
2025-11-27 12:11:16.658377,436383687_5710222987,30.13,19,159
2025-11-27 12:11:16.906720,436388447_2295384939,6.0,9,15
2025-11-27 12:11:17.036218,436388447_309685730,7.28,46,93
2025-11-27 12:11:17.229708,442990465_106078638,17.08,90,427
2025-11-27 12:11:17.422797,442990465_6687964478,12.35,200,686
2025-11-27 12:11:17.547334,442990465_6587651051,15.94,7,31
2025-11-27 12:11:17.737812,442993523_13023100794,18.83,69,361
2025-11-27 12:11:18.014150,444394912_2701184883,15.57,317,1371
2025-11-27 12:11:18.205435,444394912_4538405026,27.26,14,106
2025-11-27 12:11:18.376610,444394912_5716537702,5.27,41,60
2025-11-27 12:11:18.573335,444398125_444393381,15.87,22,97
2025-11-27 12:11:18.758790,444398125_2186671584,4.63,7,9
2025-11-27 12:11:19.029075,444501629_2291073251,8.1,8,18
2025-11-27 12:11:19.286857,444501629_2186671586,11.58,23,74
2025-11-27 12:11:19.483634,444501637_6648227221,46.8,2,26
2025-11-27 12:11:19.679340,444501637_6650982901,25.65,24,171
2025-11-27 12:11:19.887763,444874857_444875374,7.65,8,17
2025-11-27 12:11:20.080811,444874857_6651770210,28.17,46,360
2025-11-27 12:11:20.300616,444874859_6650810650,19.89,122,674
2025-11-27 12:11:20.496469,444874859_5710565212,22.8,21,133
2025-11-27 12:11:20.779212,444875109_448838032,10.8,6,18
2025-11-27 12:11:20.963752,444875109_5709996125,16.5,101,463
2025-11-27 12:11:21.164935,444875130_1613087628,18.0,4,20
2025-11-27 12:11:21.365287,444875130_1758170763,27.9,4,31
2025-11-27 12:11:21.523679,444875374_444875109,10.8,11,33
2025-11-27 12:11:21.676316,444875374_283139229,16.43,16,73
2025-11-27 12:11:21.826476,444875375_283139229,6.0,12,20
2025-11-27 12:11:21.973892,444875375_444875109,12.17,21,71
2025-11-27 12:11:22.131844,444875375_2188036136,19.96,121,671
2025-11-27 12:11:22.400038,445970096_2050902830,13.5,4,15
2025-11-27 12:11:22.698403,445970096_8823455180,9.6,33,88
2025-11-27 12:11:22.955798,445970127_2050902827,11.7,4,13
2025-11-27 12:11:23.208352,445970127_2050902832,25.2,17,119
2025-11-27 12:11:23.428349,445970799_1884776799,14.38,155,619
2025-11-27 12:11:23.627465,445970799_2291064328,15.15,24,101
2025-11-27 12:11:23.797708,446030797_2176926218,13.37,7,26
2025-11-27 12:11:23.997521,446030797_2174649904,18.78,111,579
2025-11-27 12:11:24.127506,446030797_106111364,17.14,50,238
2025-11-27 12:11:24.282122,448838032_444874857,9.77,7,19
2025-11-27 12:11:24.491116,448838032_2175126932,20.0,9,50
2025-11-27 12:11:24.690199,634709500_1613087622,16.39,327,1489
2025-11-27 12:11:24.871108,634709500_6650876740,18.72,20,104
2025-11-27 12:11:25.057752,733429120_98041851,10.2,6,17
2025-11-27 12:11:25.254089,733429120_6651770209,33.89,46,433
2025-11-27 12:11:25.451622,1104490487_319490613,8.1,8,18
2025-11-27 12:11:25.691681,1104490487_12357580642,22.54,172,1077
2025-11-27 12:11:26.032607,1219243636_1881928280,21.6,7,42
2025-11-27 12:11:26.276315,1219243660_12872373346,10.54,14,41
2025-11-27 12:11:26.527267,1220930858_1221053112,5.04,10,14
2025-11-27 12:11:26.773000,1220930858_10203920325,23.14,7,45
2025-11-27 12:11:27.135600,1221053112_1748294231,10.8,6,18
2025-11-27 12:11:27.752783,1221161730_4106937190,18.28,13,66
2025-11-27 12:11:28.172029,1312645244_1691398148,11.7,4,13
2025-11-27 12:11:28.381548,1312645244_12375164798,19.8,2,11
2025-11-27 12:11:28.584201,1312650077_1838584736,17.1,4,19
2025-11-27 12:11:28.772984,1312650077_1879088108,22.72,154,972
2025-11-27 12:11:28.963603,1312650079_1887751321,14.4,5,20
2025-11-27 12:11:29.288960,1314185585_4539132165,44.04,103,1260
2025-11-27 12:11:29.491217,1314185648_4539132165,26.19,29,211
2025-11-27 12:11:29.697066,1314185653_2326674288,43.2,1,12
2025-11-27 12:11:29.892887,1314185677_1314191420,23.75,174,1148
2025-11-27 12:11:30.089073,1314185677_6621357112,28.29,148,1163
2025-11-27 12:11:30.274805,1314191398_106070559,32.59,446,4037
2025-11-27 12:11:30.486743,1314191405_5707122750,32.22,431,3857
2025-11-27 12:11:30.715413,1314191405_4538571818,40.2,6,67
2025-11-27 12:11:30.923130,1314191414_436383687,24.48,5,34
2025-11-27 12:11:31.190074,1314191415_1314191414,8.5,69,163
2025-11-27 12:11:31.393235,1314191415_4539674875,5.21,56,81
2025-11-27 12:11:31.597249,1314191417_4930438606,39.6,14,154
2025-11-27 12:11:31.777274,1314191420_4539674875,8.2,47,107
2025-11-27 12:11:31.952497,1314191420_5709923602,10.72,140,417
2025-11-27 12:11:32.122779,1314191436_6621426601,4.75,25,33
2025-11-27 12:11:32.311306,1314191436_5709923601,22.63,28,176
2025-11-27 12:11:32.511378,1314203096_2053894358,20.81,41,237
2025-11-27 12:11:32.651719,1314203102_308728680,15.93,139,615
2025-11-27 12:11:32.849071,1314203102_1314203096,15.6,12,52
2025-11-27 12:11:33.077576,1314209691_1495020912,12.72,277,979
2025-11-27 12:11:33.281907,1314209691_6405794494,8.95,33,82
2025-11-27 12:11:33.482074,1314209698_1884765802,12.96,5,18
2025-11-27 12:11:33.686089,1314209698_11014094288,24.0,6,40
2025-11-27 12:11:33.885249,1314209699_11950483417,18.6,6,31
2025-11-27 12:11:34.106710,1314209699_1884765806,13.91,228,881
2025-11-27 12:11:34.379069,1314209716_6677895172,28.8,28,224
2025-11-27 12:11:34.599323,1314209716_1887748894,22.64,231,1453
2025-11-27 12:11:34.799187,1314209717_6659134174,23.62,16,105
2025-11-27 12:11:35.053711,1475295085_1475295086,24.69,7,48
2025-11-27 12:11:35.217837,1475295085_1312645244,19.39,75,404
2025-11-27 12:11:35.392791,1475295086_1475295085,25.68,324,2311
2025-11-27 12:11:35.669490,1475295086_1879091756,35.58,78,771
2025-11-27 12:11:35.901402,1494041345_6677895176,20.16,5,28
2025-11-27 12:11:36.042382,1494041345_4004297090,7.89,47,103
2025-11-27 12:11:36.304972,1494041351_1494041366,33.12,20,184
2025-11-27 12:11:36.492972,1494041352_1494041374,29.05,29,234
2025-11-27 12:11:36.654879,1494041366_1878932244,22.08,90,552
2025-11-27 12:11:36.867439,1494041366_6670444530,28.27,34,267
2025-11-27 12:11:37.131941,1494041374_1758633098,15.91,88,389
2025-11-27 12:11:37.339762,1495020912_1758631175,12.86,7,25
2025-11-27 12:11:37.586835,1495020912_6688503842,16.8,6,28
2025-11-27 12:11:37.885927,1495022225_634709500,20.7,4,23
2025-11-27 12:11:38.138881,1495023340_1314209691,12.42,156,538
2025-11-27 12:11:38.388749,1495025257_6648096525,37.2,3,31
2025-11-27 12:11:38.516315,1495025257_6650810650,19.3,25,134
2025-11-27 12:11:38.715127,1495030950_1495030951,19.44,10,54
2025-11-27 12:11:38.845572,1495030950_427847910,7.84,17,37
2025-11-27 12:11:38.997737,1495030951_317366886,12.57,210,733
2025-11-27 12:11:39.237888,1497544719_428673752,6.17,21,36
2025-11-27 12:11:39.432980,1497544719_1904353550,9.6,21,56
2025-11-27 12:11:39.638000,1497544736_5707161153,15.6,6,26
2025-11-27 12:11:39.899790,1497544736_5707161151,13.33,27,100
2025-11-27 12:11:40.167507,1497544738_5707161163,7.56,10,21
2025-11-27 12:11:40.362879,1497544749_5706891499,21.41,19,113
2025-11-27 12:11:40.622400,1497544764_9980229913,19.65,35,191
2025-11-27 12:11:40.886903,1497544764_5706896622,21.6,14,84
2025-11-27 12:11:41.104721,1497544796_7301485388,23.68,123,809
2025-11-27 12:11:41.415220,1497544796_1497544764,27.63,40,307
2025-11-27 12:11:41.596077,1498038039_420457653,8.69,53,128
2025-11-27 12:11:41.787285,1498111685_10180671333,10.8,5,15
2025-11-27 12:11:42.026139,1498111685_5716649671,15.05,11,46
2025-11-27 12:11:42.230844,1613087620_444875130,7.8,6,13
2025-11-27 12:11:42.419094,1613087620_5716616005,11.56,19,61
2025-11-27 12:11:42.806884,1613087622_444874859,24.0,3,20
2025-11-27 12:11:42.946469,1613087628_1613087622,12.24,5,17
2025-11-27 12:11:43.102944,1613087628_1495022225,20.7,8,46
2025-11-27 12:11:43.289600,1691398148_1881927756,23.21,259,1670
2025-11-27 12:11:43.567319,1692627215_6631796343,24.39,40,271
2025-11-27 12:11:43.755574,1692627215_1919720738,23.76,5,33
2025-11-27 12:11:43.954493,1699561405_1849738362,6.05,22,37
2025-11-27 12:11:44.293059,1748294231_1219243636,12.6,4,14
2025-11-27 12:11:44.608708,1748294250_1748294257,8.4,6,14
2025-11-27 12:11:44.799714,1748294250_10203920324,19.35,24,129
2025-11-27 12:11:44.993555,1748294257_1748294250,7.2,7,14
2025-11-27 12:11:45.305589,1748294274_5710673974,16.35,131,595
2025-11-27 12:11:45.500855,1748294274_10542328776,4.21,41,48
2025-11-27 12:11:45.700454,1758170763_12024836052,24.53,16,109
2025-11-27 12:11:45.892583,1758170772_6648096523,10.08,5,14
2025-11-27 12:11:46.022079,1758170772_1495022225,9.1,36,91
2025-11-27 12:11:46.225120,1758629824_5683792676,15.6,3,13
2025-11-27 12:11:46.423392,1758631175_1314209699,20.4,3,17
2025-11-27 12:11:46.628008,1758631175_1884769979,18.0,8,40
2025-11-27 12:11:46.824960,1758633098_1758633108,27.6,3,23
2025-11-27 12:11:47.025074,1758633098_81805393,18.84,288,1507
2025-11-27 12:11:47.223260,1758633108_6659134174,31.2,3,26
2025-11-27 12:11:47.574360,1758633112_6659134172,19.08,221,1171
2025-11-27 12:11:47.709059,1758633112_1758633108,30.48,30,254
2025-11-27 12:11:47.929162,1758651218_6610574244,21.39,17,101
2025-11-27 12:11:48.114378,1758651218_6606566485,23.33,83,538
2025-11-27 12:11:48.370335,1838584736_1312650079,17.64,10,49
2025-11-27 12:11:48.544924,1838584736_1879088105,22.15,13,80
2025-11-27 12:11:48.698082,1849738362_1699561405,3.6,37,37
2025-11-27 12:11:48.879689,1849738362_5898769297,36.9,60,615
2025-11-27 12:11:49.150076,1878921396_6659072489,9.0,2,5
2025-11-27 12:11:49.358092,1878921403_5686426699,32.33,53,476
2025-11-27 12:11:49.491090,1878921403_5686426699,32.33,53,476
2025-11-27 12:11:49.751168,1878921405_1878921403,17.35,22,106
2025-11-27 12:11:49.952668,1878932244_1494041366,12.86,7,25
2025-11-27 12:11:50.098899,1878932244_420460217,5.47,121,184
2025-11-27 12:11:50.279355,1879088105_1879091755,29.31,14,114
2025-11-27 12:11:50.554323,1879088106_1879088105,25.43,16,113
2025-11-27 12:11:50.756317,1879088106_1838584736,13.73,145,553
2025-11-27 12:11:50.953238,1879088107_1879088108,23.85,16,106
2025-11-27 12:11:51.096922,1879088107_1312650077,7.48,38,79
2025-11-27 12:11:51.281816,1879088108_13322115743,32.74,32,291
2025-11-27 12:11:51.463687,1879091753_1879091756,14.95,13,54
2025-11-27 12:11:51.584269,1879091753_1475295085,36.15,74,743
2025-11-27 12:11:51.831345,1879091755_5898769297,12.95,159,572
2025-11-27 12:11:51.959660,1879091755_1699561405,26.23,84,612
2025-11-27 12:11:52.163073,1879091756_1879091753,16.42,175,798
2025-11-27 12:11:52.347357,1879091756_1879088107,27.3,12,91
2025-11-27 12:11:52.535857,1881927756_2302166519,14.4,4,16
2025-11-27 12:11:52.791216,1881927756_12375164794,43.2,1,12
2025-11-27 12:11:52.971549,1881927757_1881928008,5.64,83,130
2025-11-27 12:11:53.233780,1881927757_1881927759,5.37,61,91
2025-11-27 12:11:53.459874,1881927757_1748294231,2.78,53,41
2025-11-27 12:11:53.617587,1881927759_6687964478,17.08,236,1120
2025-11-27 12:11:53.804167,1881928007_1881928008,24.8,9,62
2025-11-27 12:11:54.017439,1881928007_1221053112,4.11,35,40
2025-11-27 12:11:54.146906,1881928008_1881927757,6.9,12,23
2025-11-27 12:11:54.317000,1881928008_13327548968,20.16,125,700
2025-11-27 12:11:54.492382,1881928278_10203920329,0.0,0,6
2025-11-27 12:11:54.726828,1881928278_6672531385,25.5,12,85
2025-11-27 12:11:54.893898,1881928279_1881928280,6.25,76,132
2025-11-27 12:11:55.116724,1881928279_1220930858,3.6,43,43
2025-11-27 12:11:55.284694,1881928280_6672531385,43.2,1,12
2025-11-27 12:11:55.543808,1881949102_1881949103,19.2,12,64
2025-11-27 12:11:55.745010,1881949102_4539675829,31.08,49,423
2025-11-27 12:11:55.938798,1881949103_1881949102,27.64,68,522
2025-11-27 12:11:56.134207,1881949103_11768052436,30.34,28,236
2025-11-27 12:11:56.382086,1884747787_4538405005,12.6,6,21
2025-11-27 12:11:56.632401,1884747789_1884747787,15.6,15,65
2025-11-27 12:11:56.878095,1884747789_3779255487,4.29,26,31
2025-11-27 12:11:57.135786,1884765798_6658429241,20.32,96,542
2025-11-27 12:11:57.333866,1884765802_1758629824,10.29,7,20
2025-11-27 12:11:57.584014,1884765802_5674347102,10.8,6,18
2025-11-27 12:11:57.711940,1884765806_1495020912,4.89,14,19
2025-11-27 12:11:57.958472,1884765806_1884765798,15.41,224,959
2025-11-27 12:11:58.167399,1884768305_1314209717,18.9,12,63
2025-11-27 12:11:58.364289,1884768305_1314209699,3.6,37,37
2025-11-27 12:11:58.568487,1884769977_6688503847,9.0,6,15
2025-11-27 12:11:58.726236,1884769977_1884769979,25.2,9,63
2025-11-27 12:11:58.925594,1884769979_6644672133,18.55,13,67
2025-11-27 12:11:59.056421,1884776799_445970799,16.86,107,501
2025-11-27 12:11:59.268836,1884776799_5954441639,17.34,152,732
2025-11-27 12:11:59.453697,1887748894_5875603186,20.25,8,45
2025-11-27 12:11:59.588527,1887751321_1312650077,12.9,12,43
2025-11-27 12:11:59.824915,1887751321_2185731481,25.2,8,56
2025-11-27 12:12:00.004322,1897734810_1897734813,11.1,12,37
2025-11-27 12:12:00.176573,1897734810_5710222979,7.14,167,331
2025-11-27 12:12:00.314796,1897734813_1897734810,22.2,6,37
2025-11-27 12:12:00.497406,1897734813_5093497429,15.5,23,99
2025-11-27 12:12:00.759376,1901865134_1901865135,19.2,6,32
2025-11-27 12:12:01.008025,1901865134_5710136485,19.51,31,168
2025-11-27 12:12:01.141814,1901865135_1901865134,21.68,178,1072
2025-11-27 12:12:01.340409,1901865135_5710673956,28.38,43,339
2025-11-27 12:12:01.466340,1904353550_1884776799,17.49,21,102
2025-11-27 12:12:01.653951,1904360482_2174649908,8.8,9,22
2025-11-27 12:12:01.834018,1904360482_106108917,17.04,71,336
2025-11-27 12:12:02.017938,1919720738_6641911209,0.0,0,6
2025-11-27 12:12:02.271248,1919750981_6631796343,25.92,5,36
2025-11-27 12:12:02.472692,1919750981_1919720738,20.7,8,46
2025-11-27 12:12:02.679623,1919751043_1919751060,32.4,2,18
2025-11-27 12:12:02.882413,1919751043_1748294250,12.03,94,314
2025-11-27 12:12:03.077685,1919751060_1954877845,32.4,2,18
2025-11-27 12:12:03.263618,1919751060_1919751043,10.8,6,18
2025-11-27 12:12:03.393324,1954877845_1919750981,26.8,9,67
2025-11-27 12:12:03.651059,2050902820_98031401,7.56,10,21
2025-11-27 12:12:03.853032,2050902820_6662639319,16.2,6,27
2025-11-27 12:12:04.033829,2050902827_445970127,5.2,9,13
2025-11-27 12:12:04.230392,2050902827_2050902836,27.9,16,124
2025-11-27 12:12:04.357074,2050902830_445970096,13.5,4,15
2025-11-27 12:12:04.546339,2050902830_2050902833,25.2,18,126
2025-11-27 12:12:04.729077,2050902832_2050902833,3.34,14,13
2025-11-27 12:12:04.859275,2050902832_445970096,23.8,18,119
2025-11-27 12:12:05.013530,2050902833_2050902827,23.12,19,122
2025-11-27 12:12:05.233381,2050902833_2050902832,6.69,7,13
2025-11-27 12:12:05.502324,2050902835_2050902836,9.6,6,16
2025-11-27 12:12:05.689134,2050902835_445970127,30.86,14,120
2025-11-27 12:12:05.816617,2050902836_2050902835,6.4,9,16
2025-11-27 12:12:06.002138,2050902836_5489009621,27.4,18,137
2025-11-27 12:12:06.191644,2053894358_8237661942,7.2,10,20
2025-11-27 12:12:06.452118,2053894358_2290010720,17.87,114,566
2025-11-27 12:12:06.597362,2084132002_5716649671,27.0,2,15
2025-11-27 12:12:06.840098,2084132003_5718871870,5.85,24,39
2025-11-27 12:12:07.088436,2084132003_5710673979,6.51,68,123
2025-11-27 12:12:07.238359,2084132003_98041849,3.1,36,31
2025-11-27 12:12:07.456446,2174649904_106108917,18.04,82,411
2025-11-27 12:12:07.633664,2174649904_2174649908,21.66,58,349
2025-11-27 12:12:07.851617,2174649908_1904360482,13.14,120,438
2025-11-27 12:12:08.037897,2174649908_4961341864,13.52,49,184
2025-11-27 12:12:08.295441,2175126932_6648227223,23.62,25,164
2025-11-27 12:12:08.505616,2175126939_2175126932,7.29,82,166
2025-11-27 12:12:08.630857,2175126939_444874857,3.92,45,49
2025-11-27 12:12:08.791176,2176926218_446030797,13.9,65,251
2025-11-27 12:12:09.004789,2176926218_6662241095,24.98,16,111
2025-11-27 12:12:09.170508,2176926218_5716616005,14.68,103,420
2025-11-27 12:12:09.365899,2185731222_1314191415,4.17,44,51
2025-11-27 12:12:09.582012,2185731222_436383687,5.31,141,208
2025-11-27 12:12:09.813888,2185731475_2185731477,27.49,11,84
2025-11-27 12:12:10.007668,2185731475_1312650079,7.2,29,58
2025-11-27 12:12:10.194754,2185731477_13327548965,28.8,21,168
2025-11-27 12:12:10.373015,2185731479_2185731481,36.45,8,81
2025-11-27 12:12:10.502793,2185731479_1887751321,4.66,44,57
2025-11-27 12:12:10.749345,2185731481_1879091753,32.12,13,116
2025-11-27 12:12:10.958264,2186671583_2186671586,3.6,9,9
2025-11-27 12:12:11.113601,2186671583_2291073251,4.48,49,61
2025-11-27 12:12:11.253788,2186671584_444398125,6.48,5,9
2025-11-27 12:12:11.449341,2186671584_2186671583,24.6,18,123
2025-11-27 12:12:11.686195,2186671585_2186671584,17.55,16,78
2025-11-27 12:12:11.950164,2186671586_2186671583,6.48,5,9
2025-11-27 12:12:12.109757,2186671586_444398125,16.56,30,138
2025-11-27 12:12:12.242931,2188036136_283139237,11.7,184,598
2025-11-27 12:12:12.371255,2188036136_444875375,5.21,87,126
2025-11-27 12:12:12.554943,2195296719_6644721587,0.0,0,4
2025-11-27 12:12:12.779911,2195296719_438036727,22.0,18,110
2025-11-27 12:12:12.927816,2195296719_309685730,14.77,166,681
2025-11-27 12:12:13.101150,2212544448_1314191436,8.64,5,12
2025-11-27 12:12:13.233447,2212544448_1314185648,21.96,40,244
2025-11-27 12:12:13.422885,2274969534_5828495464,4.91,11,15
2025-11-27 12:12:13.626203,2274969534_5718868836,26.22,46,335
2025-11-27 12:12:13.825849,2289976216_5718868836,24.34,101,683
2025-11-27 12:12:14.028736,2289976216_5828495464,23.98,50,333
2025-11-27 12:12:14.287858,2289997642_2289997644,3.96,10,11
2025-11-27 12:12:14.445496,2289997642_1314203102,11.77,41,134
2025-11-27 12:12:14.574539,2289997644_2289997642,13.2,3,11
2025-11-27 12:12:14.772635,2289997644_2289976216,21.76,23,139
2025-11-27 12:12:15.021553,2290010720_2290010722,7.2,7,14
2025-11-27 12:12:15.169378,2290010720_309595522,8.86,63,155
2025-11-27 12:12:15.340497,2290010722_2290010720,7.2,7,14
2025-11-27 12:12:15.510329,2290010722_8237661942,17.07,120,569
2025-11-27 12:12:15.661436,2291064324_319490613,21.98,19,116
2025-11-27 12:12:15.823330,2291064328_2291064324,15.43,14,60
2025-11-27 12:12:15.966924,2291064328_428673752,3.3,36,33
2025-11-27 12:12:16.216414,2291072469_317366886,7.2,6,12
2025-11-27 12:12:16.477770,2291072469_5710136488,14.68,180,734
2025-11-27 12:12:16.663438,2291072476_5710136485,10.8,6,18
2025-11-27 12:12:16.879759,2291072476_5710136487,23.04,5,32
2025-11-27 12:12:17.019288,2291073251_2291072469,8.8,9,22
2025-11-27 12:12:17.233002,2291073251_2291254030,22.37,42,261
2025-11-27 12:12:17.422703,2291254028_2291254030,12.24,10,34
2025-11-27 12:12:17.561661,2291254028_2291072469,10.18,93,263
2025-11-27 12:12:17.788218,2291254030_2291254028,19.88,207,1143
2025-11-27 12:12:17.919795,2291254030_444501637,25.49,49,347
2025-11-27 12:12:18.060618,2295384939_436388447,6.75,8,15
2025-11-27 12:12:18.276304,2295384939_5721511585,22.83,44,279
2025-11-27 12:12:18.475763,2302164518_2302164519,23.31,105,680
2025-11-27 12:12:18.711807,2302164518_5719031414,23.67,73,480
2025-11-27 12:12:18.864931,2302164519_2302164518,6.8,9,17
2025-11-27 12:12:19.047515,2302164519_12375164797,6.97,79,153
2025-11-27 12:12:19.171277,2302166519_1312645244,8.05,17,38
2025-11-27 12:12:19.304909,2302166519_1475295086,29.3,50,407
2025-11-27 12:12:19.511199,2303337176_1498038039,30.49,32,271
2025-11-27 12:12:19.715404,2326674277_5709923606,43.2,2,24
2025-11-27 12:12:19.870006,2326674277_2326674288,34.65,24,231
2025-11-27 12:12:20.049987,2326674281_5709923603,54.0,1,15
2025-11-27 12:12:20.239254,2326674281_1314191417,34.43,23,220
2025-11-27 12:12:20.416492,2326674288_4539674888,33.8,18,169
2025-11-27 12:12:20.691831,2570960524_12206582473,29.47,70,573
2025-11-27 12:12:20.996032,2584589542_5721511586,27.04,170,1277
2025-11-27 12:12:21.246820,2701058419_5716537675,13.8,48,184
2025-11-27 12:12:21.456181,2701184883_4539682086,20.7,28,161
2025-11-27 12:12:21.643668,3075526390_1919751043,28.8,3,24
2025-11-27 12:12:21.806234,3075526390_1954877845,23.6,9,59
2025-11-27 12:12:22.049975,3075526396_3075526390,24.4,9,61
2025-11-27 12:12:22.193712,3779255487_2701184883,15.81,310,1361
2025-11-27 12:12:22.599031,3779255494_4538405026,26.1,4,29
2025-11-27 12:12:22.728377,4004297090_1878921396,8.53,19,45
2025-11-27 12:12:22.927707,4004297090_1878921405,14.1,24,94
2025-11-27 12:12:23.126638,4025084971_6666128977,37.44,10,104
2025-11-27 12:12:23.336075,4025084971_4538571805,23.14,7,45
2025-11-27 12:12:23.546698,4025115175_5707407583,5.85,16,26
2025-11-27 12:12:23.838846,4025115175_5709996124,16.69,33,153
2025-11-27 12:12:24.037888,4027449781_6621078261,19.64,46,251
2025-11-27 12:12:24.443551,4538404990_13282498392,22.2,6,37
2025-11-27 12:12:24.703669,4538404991_4538405005,23.07,253,1621
2025-11-27 12:12:24.914634,4538404991_1221161727,23.83,518,3429
2025-11-27 12:12:25.161495,4538404998_3779255494,16.08,15,67
2025-11-27 12:12:25.315728,4538404998_1221161730,3.6,43,43
2025-11-27 12:12:25.519967,4538405005_4538405024,22.27,59,365
2025-11-27 12:12:25.697343,4538405006_1884747789,3.74,25,26
2025-11-27 12:12:25.891858,4538405006_2701184883,14.05,363,1417
2025-11-27 12:12:26.096284,4538405017_11700202516,31.55,55,482
2025-11-27 12:12:26.357982,4538405021_4538405024,39.78,78,862
2025-11-27 12:12:26.733146,4538405024_6689058288,32.7,36,327
2025-11-27 12:12:26.913193,4538405026_4538405017,31.36,428,3728
2025-11-27 12:12:27.103698,4538405061_4538404998,21.6,4,24
2025-11-27 12:12:27.346755,4538405061_4106937190,6.52,170,308
2025-11-27 12:12:27.596908,4538405136_11768052437,26.41,83,609
2025-11-27 12:12:27.836323,4538405136_4538405137,29.0,73,588
2025-11-27 12:12:28.073255,4538405137_4540453395,10.16,34,96
2025-11-27 12:12:28.306121,4538571805_5707122780,37.16,190,1961
2025-11-27 12:12:28.473687,4538571805_4539675798,32.73,98,891
2025-11-27 12:12:28.705490,4538571806_4539675798,29.83,7,58
2025-11-27 12:12:28.888350,4538571806_5707122775,21.6,5,30
2025-11-27 12:12:29.057638,4538571818_1314191398,50.4,3,42
2025-11-27 12:12:29.245544,4539132150_4830545884,47.22,95,1246
2025-11-27 12:12:29.404631,4539132150_2326674277,28.67,27,215
2025-11-27 12:12:29.646307,4539132165_5716477055,17.63,39,191
2025-11-27 12:12:29.838249,4539674875_6621426593,28.35,8,63
2025-11-27 12:12:30.016938,4539674875_4539674879,7.85,33,72
2025-11-27 12:12:30.208356,4539674879_1314185677,21.82,16,97
2025-11-27 12:12:30.379179,4539674879_6628818468,23.4,8,52
2025-11-27 12:12:30.609794,4539674883_5716544649,38.67,35,376
2025-11-27 12:12:30.785833,4539674883_12606538099,54.93,97,1480
2025-11-27 12:12:30.921882,4539674888_1849738362,24.12,90,603
2025-11-27 12:12:31.100128,4539674888_3779255475,31.71,172,1515
2025-11-27 12:12:31.317925,4539675798_4538571805,31.82,431,3810
2025-11-27 12:12:31.516976,4539675798_5707122775,19.44,10,54
2025-11-27 12:12:31.729995,4539675798_10159724112,22.8,6,38
2025-11-27 12:12:31.934296,4539675829_444394912,18.31,35,178
2025-11-27 12:12:32.087626,4539682086_1881949103,24.37,65,440
2025-11-27 12:12:32.279174,4539682086_12606538104,23.06,69,442
2025-11-27 12:12:32.490040,4539684490_4539675829,28.8,53,424
2025-11-27 12:12:32.744145,4539684490_3779242655,53.88,92,1377
2025-11-27 12:12:32.931839,4540453369_4540453370,8.1,8,18
2025-11-27 12:12:33.158400,4540453370_4540453369,7.2,9,18
2025-11-27 12:12:33.571764,4540453378_5707271696,27.69,26,200
2025-11-27 12:12:33.844546,4540453393_4540453394,15.43,7,30
2025-11-27 12:12:34.108600,4540453393_10076263977,25.2,3,21
2025-11-27 12:12:34.294839,4540453394_5093497431,21.6,8,48
2025-11-27 12:12:34.504846,4540453394_4540453405,14.01,83,323
2025-11-27 12:12:34.696280,4540453395_4540453396,13.76,17,65
2025-11-27 12:12:34.828368,4540453395_4540453393,5.83,29,47
2025-11-27 12:12:35.015482,4540453396_4540453400,38.08,19,201
2025-11-27 12:12:35.202008,4540453399_10076263973,15.91,112,495
2025-11-27 12:12:35.406596,4540453399_5093497430,24.3,28,189
2025-11-27 12:12:35.612590,4540453400_444501629,12.78,382,1356
2025-11-27 12:12:35.852634,4540453404_10076263978,4.5,12,15
2025-11-27 12:12:36.058008,4540453404_4540453406,12.2,147,498
2025-11-27 12:12:36.238607,4540453405_4542621501,10.47,11,32
2025-11-27 12:12:36.430555,4540453405_10076263979,12.1,127,427
2025-11-27 12:12:36.562503,4540453406_4538405136,27.14,13,98
2025-11-27 12:12:36.839976,4541071715_4541071716,6.0,9,15
2025-11-27 12:12:37.102026,4541071715_6587550955,26.96,51,382
2025-11-27 12:12:37.335677,4541071716_4541071715,27.0,2,15
2025-11-27 12:12:37.487899,4541071716_10965136434,14.03,77,300
2025-11-27 12:12:37.670200,4541105058_5707271706,36.0,2,20
2025-11-27 12:12:37.971993,4541105059_11182265554,24.36,244,1651
2025-11-27 12:12:38.130219,4542621501_4540453393,9.12,15,38
2025-11-27 12:12:38.303093,4542621501_4540453406,24.0,6,40
2025-11-27 12:12:38.481775,4599745018_98027697,11.64,112,362
2025-11-27 12:12:38.733401,4599745018_10130533955,15.43,7,30
2025-11-27 12:12:38.930342,4599745018_7920618648,11.79,239,783
2025-11-27 12:12:39.118999,4600895552_10130533953,17.22,37,177
2025-11-27 12:12:39.321958,4600895552_6617292919,12.78,149,529
2025-11-27 12:12:39.554794,4830545876_6325815718,34.34,13,124
2025-11-27 12:12:39.891045,4830545884_106070559,57.7,37,593
2025-11-27 12:12:40.062015,4830545884_5707122751,39.76,22,243
2025-11-27 12:12:40.318771,4930425700_4930425704,33.26,25,231
2025-11-27 12:12:40.649974,4930425704_4025084971,38.4,3,32
2025-11-27 12:12:40.835405,4930438606_4830545876,52.2,2,29
2025-11-27 12:12:41.036722,4961341856_1497544719,10.03,107,298
2025-11-27 12:12:41.237033,4961341856_5707161154,18.9,12,63
2025-11-27 12:12:41.417214,4961341859_4961341860,8.7,134,324
2025-11-27 12:12:41.609303,4961341859_6661055809,5.58,20,31
2025-11-27 12:12:41.821035,4961341860_4961341865,6.96,15,29
2025-11-27 12:12:41.987965,4961341864_4961341859,7.2,12,24
2025-11-27 12:12:42.258569,4961341864_6685236291,25.2,23,161
2025-11-27 12:12:42.610524,4961341865_1904360482,19.96,33,183
2025-11-27 12:12:42.812107,5093497426_10076263973,27.45,24,183
2025-11-27 12:12:43.059845,5093497429_4540453405,6.84,20,38
2025-11-27 12:12:43.261017,5093497430_10076263976,3.32,26,24
2025-11-27 12:12:43.407668,5093497430_5093497431,24.84,10,69
2025-11-27 12:12:43.580778,5093497431_1897734810,17.81,19,94
2025-11-27 12:12:43.707554,5206119178_283139237,21.08,90,527
2025-11-27 12:12:43.862594,5206119178_420456683,19.88,203,1121
2025-11-27 12:12:44.056062,5485653490_5875623873,24.0,3,20
2025-11-27 12:12:44.499624,5485722628_6606566488,18.77,206,1074
2025-11-27 12:12:44.680700,5485722628_8341509537,20.97,69,402
2025-11-27 12:12:44.887719,5485722628_6610228314,8.31,26,60
2025-11-27 12:12:45.076488,5489009621_6677147310,18.72,5,26
2025-11-27 12:12:45.273631,5489009621_6677147301,19.94,26,144
2025-11-27 12:12:45.456947,5598303159_13282511305,0.0,0,5
2025-11-27 12:12:45.668408,5598303159_13282511304,35.27,79,774
2025-11-27 12:12:45.920391,5641890821_5641890822,22.81,212,1343
2025-11-27 12:12:46.121350,5641890821_6661487945,20.37,176,996
2025-11-27 12:12:46.325474,5641890822_5641890821,22.0,9,55
2025-11-27 12:12:46.512915,5641890822_5641890823,28.99,19,153
2025-11-27 12:12:46.713079,5641890823_10087376960,19.37,21,113
2025-11-27 12:12:46.890579,5641890823_11700202517,19.8,6,33
2025-11-27 12:12:47.087135,5645750065_9970440452,17.82,20,99
2025-11-27 12:12:47.218317,5645750065_9970440452,17.82,20,99
2025-11-27 12:12:47.425281,5674347102_1758629824,9.77,7,19
2025-11-27 12:12:47.589358,5674347102_7920618648,4.27,495,587
2025-11-27 12:12:47.799634,5683715143_1494041345,10.14,38,107
2025-11-27 12:12:48.002237,5683792676_1314209698,16.45,156,713
2025-11-27 12:12:48.183076,5683792676_98026475,21.6,8,48
2025-11-27 12:12:48.408892,5686426699_7985603148,35.2,9,88
2025-11-27 12:12:48.591466,5686449780_6688471376,27.6,9,69
2025-11-27 12:12:48.743155,5706891499_5706896622,22.63,129,811
2025-11-27 12:12:48.869480,5706891499_9980229913,22.71,13,82
2025-11-27 12:12:49.011439,5706896622_5706891499,12.86,7,25
2025-11-27 12:12:49.150076,5706896622_1497544738,9.75,55,149
2025-11-27 12:12:49.347074,5707122750_6677687648,31.37,364,3172
2025-11-27 12:12:49.542769,5707122750_1699561412,31.46,23,201
2025-11-27 12:12:49.738112,5707122751_6677687648,64.8,1,18
2025-11-27 12:12:49.878858,5707122775_10159724112,28.8,176,1408
2025-11-27 12:12:50.120625,5707122779_4538571806,35.82,20,199
2025-11-27 12:12:50.305626,5707122782_6677687639,30.37,23,194
2025-11-27 12:12:50.503699,5707161151_81806535,5.76,25,40
2025-11-27 12:12:50.633900,5707161153_1497544738,11.15,93,288
2025-11-27 12:12:50.774982,5707161153_5707161163,11.24,99,309
2025-11-27 12:12:50.899931,5707161153_1497544749,18.0,7,35
2025-11-27 12:12:51.092263,5707161154_8231491411,22.2,12,74
2025-11-27 12:12:51.286205,5707161162_1904353550,6.33,54,95
2025-11-27 12:12:51.481821,5707161162_1497544719,4.53,31,39
2025-11-27 12:12:51.613889,5707161163_5707161154,28.4,9,71
2025-11-27 12:12:51.756867,5707161163_4961341856,11.04,148,454
2025-11-27 12:12:52.021060,5707262958_6685466405,13.44,15,56
2025-11-27 12:12:52.145796,5707271696_4541105058,31.61,59,518
2025-11-27 12:12:52.344364,5707271700_5707271696,28.8,5,40
2025-11-27 12:12:52.543973,5707271703_5707271704,26.59,83,613
2025-11-27 12:12:52.672098,5707271703_4540453369,28.71,38,303
2025-11-27 12:12:52.902162,5707271704_5707271705,16.39,29,132
2025-11-27 12:12:53.039230,5707271705_4541105059,27.6,3,23
2025-11-27 12:12:53.250689,5707271705_12725862785,26.56,161,1188
2025-11-27 12:12:53.410265,5707271706_5707271705,24.59,129,881
2025-11-27 12:12:53.622589,5707271706_5707271703,27.95,17,132
2025-11-27 12:12:53.832341,5707407583_5707407590,22.8,3,19
2025-11-27 12:12:54.037247,5707407590_5707407591,7.2,7,14
2025-11-27 12:12:54.229922,5707407590_6670444529,25.12,48,335
2025-11-27 12:12:54.436530,5707407591_4025115175,9.45,8,21
2025-11-27 12:12:54.619542,5707407591_6685434573,23.33,27,175
2025-11-27 12:12:54.810510,5707647467_5707647500,24.54,212,1445
2025-11-27 12:12:54.943360,5707647467_12206582473,29.7,32,264
2025-11-27 12:12:55.088529,5707647500_5707647467,16.4,9,41
2025-11-27 12:12:55.269376,5707647500_6658364083,34.8,3,29
2025-11-27 12:12:55.474730,5707679597_11201648616,13.44,15,56
2025-11-27 12:12:55.652442,5709923601_1314185648,31.2,6,52
2025-11-27 12:12:55.907833,5709923602_1314191417,32.4,8,72
2025-11-27 12:12:56.090188,5709923603_5709923602,10.42,178,515
2025-11-27 12:12:56.274579,5709923603_6621357115,19.54,7,38
2025-11-27 12:12:56.430213,5709923606_1314185653,35.1,20,195
2025-11-27 12:12:56.609406,5709923606_6628818478,27.42,13,99
2025-11-27 12:12:56.803851,5709996124_5709996125,3.09,14,12
2025-11-27 12:12:56.949346,5709996124_448838032,4.29,209,249
2025-11-27 12:12:57.133168,5709996125_5709996124,5.4,8,12
2025-11-27 12:12:57.293220,5709996125_5707407583,11.57,47,151
2025-11-27 12:12:57.545881,5710098650_5716807750,15.0,6,25
2025-11-27 12:12:57.729183,5710098650_5717115613,34.14,29,275
2025-11-27 12:12:57.902278,5710136485_317778303,23.4,2,13
2025-11-27 12:12:58.049720,5710136487_1901865135,19.01,25,132
2025-11-27 12:12:58.218461,5710136488_5710136487,25.2,7,49
2025-11-27 12:12:58.363626,5710136488_2291072476,3.7,35,36
2025-11-27 12:12:58.576674,5710222979_2212544448,6.67,89,165
2025-11-27 12:12:58.824695,5710222986_5710222979,19.54,68,369
2025-11-27 12:12:58.953336,5710222986_3779255475,52.55,97,1416
2025-11-27 12:12:59.116878,5710222987_12606538099,27.52,59,451
2025-11-27 12:12:59.396314,5710222987_1897734813,23.22,420,2709
2025-11-27 12:12:59.611928,5710231827_1887748894,23.4,2,13
2025-11-27 12:12:59.797762,5710538391_5710538395,27.77,7,54
2025-11-27 12:13:00.021591,5710538391_11111175326,22.11,7,43
2025-11-27 12:13:00.197967,5710538395_5710691038,13.37,7,26
2025-11-27 12:13:00.368359,5710538395_5710691056,23.8,18,119
2025-11-27 12:13:00.564368,5710565212_5828999543,19.65,35,191
2025-11-27 12:13:00.785221,5710673956_5716670119,32.4,5,45
2025-11-27 12:13:00.980200,5710673956_2084132003,10.68,62,184
2025-11-27 12:13:01.130391,5710673974_5710673979,13.68,10,38
2025-11-27 12:13:01.288680,5710673974_98041257,6.09,13,22
2025-11-27 12:13:01.510509,5710673974_1748294274,17.7,121,595
2025-11-27 12:13:01.719261,5710673979_5710673992,30.6,22,187
2025-11-27 12:13:01.863037,5710673992_106078638,27.36,5,38
2025-11-27 12:13:01.998982,5710691038_5710538391,8.5,25,59
2025-11-27 12:13:02.177947,5710691038_5710691043,28.59,17,135
2025-11-27 12:13:02.407590,5710691044_5710691043,32.85,16,146
2025-11-27 12:13:02.795021,5710691045_5710538395,7.08,62,122
2025-11-27 12:13:03.038178,5710691045_5710691056,33.05,22,202
2025-11-27 12:13:03.216497,5710691056_8462966000,29.52,5,41
2025-11-27 12:13:03.460967,5716241016_5716241017,22.95,8,51
2025-11-27 12:13:03.619101,5716241017_1881928278,22.17,172,1059
2025-11-27 12:13:03.870011,5716408768_1494035973,5.35,37,55
2025-11-27 12:13:04.074505,5716408768_6659134177,18.29,518,2632
2025-11-27 12:13:04.319019,5716408772_6659134177,22.11,7,43
2025-11-27 12:13:04.594298,5716477055_1495030950,23.4,46,299
2025-11-27 12:13:04.801899,5716477056_5716477055,8.74,14,34
2025-11-27 12:13:04.981646,5716477056_4539132150,16.63,42,194
2025-11-27 12:13:05.156595,5716537675_4538404990,9.09,19,48
2025-11-27 12:13:05.416882,5716537675_4538404991,13.05,8,29
2025-11-27 12:13:05.552935,5716537702_3779255494,19.8,8,44
2025-11-27 12:13:05.712291,5716537702_1221161730,7.96,19,42
2025-11-27 12:13:05.865598,5716544649_2326674281,34.94,17,165
2025-11-27 12:13:06.143323,5716616005_2176926218,13.12,115,419
2025-11-27 12:13:06.348478,5716649671_5716670117,28.98,320,2576
2025-11-27 12:13:06.569424,5716670117_5718916301,29.59,32,263
2025-11-27 12:13:06.764685,5716670118_5716670117,32.49,199,1796
2025-11-27 12:13:06.919878,5716670118_5716670119,36.38,47,475
2025-11-27 12:13:07.123705,5716670119_5710673992,16.91,240,1127
2025-11-27 12:13:07.303341,5716670119_5716670118,27.98,140,1088
2025-11-27 12:13:07.481073,5716670621_5716670118,24.86,148,1022
2025-11-27 12:13:07.867542,5716670628_2084132002,9.43,21,55
2025-11-27 12:13:08.042789,5716670628_98041851,19.91,204,1128
2025-11-27 12:13:08.250305,5716807749_5717115613,27.9,72,558
2025-11-27 12:13:08.444000,5716807749_5716807750,34.26,29,276
2025-11-27 12:13:08.636836,5716807750_5710098650,25.16,187,1307
2025-11-27 12:13:08.812133,5716807750_6684737819,25.88,133,956
2025-11-27 12:13:09.004114,5717115613_5716807749,20.16,5,28
2025-11-27 12:13:09.152881,5717115613_4540453378,30.6,14,119
2025-11-27 12:13:09.311542,5718868836_2289976216,6.4,9,16
2025-11-27 12:13:09.446244,5718868836_2289997642,21.45,24,143
2025-11-27 12:13:09.614459,5718871870_283139229,14.31,196,779
2025-11-27 12:13:09.745303,5718871870_98041849,2.7,28,21
2025-11-27 12:13:09.992475,5718886024_1748294257,11.16,40,124
2025-11-27 12:13:10.175980,5718916274_5718916294,9.02,103,258
2025-11-27 12:13:10.442113,5718916274_10296445823,4.2,6,7
2025-11-27 12:13:10.626611,5718916291_12816414547,16.92,10,47
2025-11-27 12:13:10.775634,5718916291_98035472,6.34,21,37
2025-11-27 12:13:10.995178,5718916292_6650876736,12.72,324,1145
2025-11-27 12:13:11.173654,5718916292_12816414542,4.5,8,10
2025-11-27 12:13:11.351955,5718916293_5718916294,18.0,1,5
2025-11-27 12:13:11.491201,5718916294_98042270,23.44,47,306
2025-11-27 12:13:11.700823,5718916301_5718916302,11.45,271,862
2025-11-27 12:13:11.828061,5718916301_5718916291,7.42,16,33
2025-11-27 12:13:11.991662,5718916302_5718916301,7.48,13,27
2025-11-27 12:13:12.212943,5718916302_5716670621,28.91,33,265
2025-11-27 12:13:12.426674,5718946093_1748294274,6.0,18,30
2025-11-27 12:13:12.674042,5719031413_5719031414,16.97,7,33
2025-11-27 12:13:12.814418,5719031413_2302164519,21.33,81,480
2025-11-27 12:13:13.023131,5719031414_5719031413,26.3,75,548
2025-11-27 12:13:13.167550,5719031414_3075526396,26.77,23,171
2025-11-27 12:13:13.378581,5719125659_6648096524,33.3,4,37
2025-11-27 12:13:13.593522,5719125659_1758170772,23.27,69,446
2025-11-27 12:13:13.791245,5721511585_2584589542,40.32,5,56
2025-11-27 12:13:13.919212,5721511586_436388447,22.58,44,276
2025-11-27 12:13:14.083129,5828495464_2274969534,9.0,6,15
2025-11-27 12:13:14.230927,5828495464_5719125659,28.97,21,169
2025-11-27 12:13:14.424286,5828999542_5828999543,20.82,115,665
2025-11-27 12:13:14.582210,5828999542_1495025257,21.6,32,192
2025-11-27 12:13:14.723865,5828999543_5828999542,9.9,8,22
2025-11-27 12:13:14.930124,5828999543_6648227222,13.62,46,174
2025-11-27 12:13:15.219802,5831399053_6603014206,25.04,357,2483
2025-11-27 12:13:15.382744,5831399053_1494041374,34.8,66,638
2025-11-27 12:13:15.551920,5875603186_5645750065,24.09,13,87
2025-11-27 12:13:15.706706,5875603186_5206119178,21.18,69,406
2025-11-27 12:13:15.892307,5875623873_6677147301,18.0,5,25
2025-11-27 12:13:16.100623,5875623873_6677147310,17.15,17,81
2025-11-27 12:13:16.228585,5898769297_2185731475,31.68,15,132
2025-11-27 12:13:16.417665,5954441639_5954441640,3.6,8,8
2025-11-27 12:13:16.694000,5954441639_6659134171,27.0,14,105
2025-11-27 12:13:16.896579,5954441640_5954441639,1.92,15,8
2025-11-27 12:13:17.101363,5954441640_11201648616,19.2,63,336
2025-11-27 12:13:17.260583,5962836764_6325815718,44.5,61,754
2025-11-27 12:13:17.455488,5962836764_1314185585,40.07,23,256
2025-11-27 12:13:17.662684,6044465949_2701058419,17.87,86,427
2025-11-27 12:13:17.803707,6044465949_12606538104,16.55,303,1393
2025-11-27 12:13:18.007016,6325815718_6325815720,54.0,2,30
2025-11-27 12:13:18.163945,6325815720_4930438606,10.61,285,840
2025-11-27 12:13:18.318083,6325815720_2185731222,9.99,62,172
2025-11-27 12:13:18.485898,6405794494_6659134172,19.51,277,1501
2025-11-27 12:13:18.670363,6413551907_8341509537,25.2,2,14
2025-11-27 12:13:18.886272,6413551907_8341509535,17.49,14,68
2025-11-27 12:13:19.148320,6441639163_6689057478,26.88,30,224
2025-11-27 12:13:19.291823,6587550954_6587550955,11.7,4,13
2025-11-27 12:13:19.458503,6587550954_4541071716,29.74,46,380
2025-11-27 12:13:19.591953,6587550955_6587550954,3.34,14,13
2025-11-27 12:13:19.805371,6587550955_420456615,7.27,55,111
2025-11-27 12:13:20.205230,6600206282_13282498396,20.16,192,1075
2025-11-27 12:13:20.333774,6600206282_5598303159,25.39,19,134
2025-11-27 12:13:20.713590,6600206283_2701058419,24.38,44,298
2025-11-27 12:13:20.909489,6601012241_6688570393,28.8,2,16
2025-11-27 12:13:21.118385,6601012241_6441639163,24.22,11,74
2025-11-27 12:13:21.327456,6603014206_10682258584,25.63,101,719
2025-11-27 12:13:21.518344,6603014206_6603014207,30.6,6,51
2025-11-27 12:13:21.720102,6603014207_6659072491,13.89,7,27
2025-11-27 12:13:21.987504,6603014207_6659072492,46.8,1,13
2025-11-27 12:13:22.182514,6606566485_10682258584,17.72,13,64
2025-11-27 12:13:22.368900,6606566485_6606566487,43.2,1,12
2025-11-27 12:13:22.585014,6606566485_1758651218,23.33,83,538
2025-11-27 12:13:22.868626,6606566487_6610228314,18.46,197,1010
2025-11-27 12:13:23.004805,6606566487_6606566485,21.6,2,12
2025-11-27 12:13:23.144922,6606566488_6606566487,18.0,12,60
2025-11-27 12:13:23.359098,6606566488_10682258584,24.0,3,20
2025-11-27 12:13:23.508757,6606566488_5485722628,18.68,207,1074
2025-11-27 12:13:23.743140,6610228314_10743484787,20.06,68,379
2025-11-27 12:13:23.976209,6610228314_6606566487,19.04,191,1010
2025-11-27 12:13:24.114138,6610228314_5485722628,7.32,29,59
2025-11-27 12:13:24.328699,6610574244_6659072491,19.25,26,139
2025-11-27 12:13:24.489489,6610574244_1758651218,22.05,16,98
2025-11-27 12:13:24.743779,6617292919_4600895552,17.72,52,256
2025-11-27 12:13:24.944451,6617292919_7985603136,3.6,40,40
2025-11-27 12:13:25.176961,6621078250_6621078251,11.7,4,13
2025-11-27 12:13:25.377006,6621078250_6621078260,31.35,31,270
2025-11-27 12:13:25.504830,6621078251_6621078250,7.8,6,13
2025-11-27 12:13:25.643052,6621078251_420456595,33.3,32,296
2025-11-27 12:13:25.982446,6621078260_2303337176,18.38,48,245
2025-11-27 12:13:26.142457,6621078261_6621078260,27.92,74,574
2025-11-27 12:13:26.366061,6621078261_420456583,27.69,26,200
2025-11-27 12:13:26.505255,6621357112_1314185653,36.0,3,30
2025-11-27 12:13:26.675858,6621357115_1314191420,5.31,40,59
2025-11-27 12:13:26.816841,6621357115_6621357112,17.76,15,74
2025-11-27 12:13:26.994134,6621426593_1314191414,32.4,2,18
2025-11-27 12:13:27.133651,6621426601_6621426593,10.02,138,384
2025-11-27 12:13:27.281821,6621426601_4539674879,4.44,43,53
2025-11-27 12:13:27.434644,6628818468_5709923601,27.6,9,69
2025-11-27 12:13:27.561860,6628818478_1314185677,3.52,47,46
2025-11-27 12:13:27.744173,6628818478_6628818468,7.97,154,341
2025-11-27 12:13:27.873609,6631796343_1692627215,31.2,3,26
2025-11-27 12:13:28.037820,6641911209_5719031413,30.0,21,175
2025-11-27 12:13:28.190072,6641911209_3075526396,22.5,8,50
2025-11-27 12:13:28.347440,6644672133_6644672135,19.02,53,280
2025-11-27 12:13:28.624105,6644672133_1884768305,9.97,26,72
2025-11-27 12:13:28.771260,6644672135_6644672133,15.04,67,280
2025-11-27 12:13:29.022655,6644672135_106111364,20.66,23,132
2025-11-27 12:13:29.181638,6644721587_2195296719,22.45,38,237
2025-11-27 12:13:29.383767,6644721587_11107112929,20.7,8,46
2025-11-27 12:13:29.577705,6647118933_2290010722,14.09,35,137
2025-11-27 12:13:29.791345,6647145130_8598733283,6.48,15,27
2025-11-27 12:13:30.043769,6647145130_5701309369,10.67,28,83
2025-11-27 12:13:30.258322,6648096523_1758170763,4.5,16,20
2025-11-27 12:13:30.430942,6648096523_1613087628,5.76,20,32
2025-11-27 12:13:30.563594,6648096524_6648096525,31.63,28,246
2025-11-27 12:13:30.766214,6648096524_12024836052,18.74,137,713
2025-11-27 12:13:30.895632,6648096525_6648096524,32.8,27,246
2025-11-27 12:13:31.093564,6648096525_5710565212,27.9,4,31
2025-11-27 12:13:31.283239,6648227219_2291254028,23.0,54,345
2025-11-27 12:13:31.425009,6648227221_6648227219,23.4,4,26
2025-11-27 12:13:31.620059,6648227221_6648227224,32.61,51,462
2025-11-27 12:13:31.823886,6648227222_6648227224,34.8,3,29
2025-11-27 12:13:32.016280,6648227222_2175126939,14.31,41,163
2025-11-27 12:13:32.143206,6648227223_5828999542,15.19,41,173
2025-11-27 12:13:32.268831,6648227224_6648227223,27.0,4,30
2025-11-27 12:13:32.391568,6648227224_6648227221,31.38,53,462
2025-11-27 12:13:32.545473,6650810650_444874859,8.86,39,96
2025-11-27 12:13:32.730570,6650810650_1613087620,5.28,15,22
2025-11-27 12:13:32.860107,6650876736_5718916292,5.65,225,353
2025-11-27 12:13:33.045589,6650876736_6650876740,9.21,627,1604
2025-11-27 12:13:33.230488,6650876740_6650876736,9.05,78,196
2025-11-27 12:13:33.365699,6650876740_634709500,16.9,301,1413
2025-11-27 12:13:33.497552,6650982900_6650982901,23.69,162,1066
2025-11-27 12:13:33.668206,6650982900_6648227219,25.35,24,169
2025-11-27 12:13:33.885312,6650982901_6650982900,7.14,56,111
2025-11-27 12:13:34.019419,6650982901_444875375,4.6,36,46
2025-11-27 12:13:34.201951,6651770209_6651770210,5.17,16,23
2025-11-27 12:13:34.362902,6651770209_444875374,10.0,198,550
2025-11-27 12:13:34.504172,6651770210_6651770209,9.7,348,938
2025-11-27 12:13:34.699261,6651770210_5716670628,5.96,241,399
2025-11-27 12:13:34.910429,6658429241_10130533935,24.3,160,1080
2025-11-27 12:13:35.152883,6658429241_11014094287,19.54,28,152
2025-11-27 12:13:35.284974,6659072489_5710231827,19.01,32,169
2025-11-27 12:13:35.528299,6659072490_6659072489,7.36,22,45
2025-11-27 12:13:35.663154,6659072490_1878921405,22.8,18,114
2025-11-27 12:13:35.789825,6659072491_6659072492,21.6,6,36
2025-11-27 12:13:35.919703,6659072491_6610574244,21.76,23,139
2025-11-27 12:13:36.052261,6659072492_6659072490,29.49,21,172
2025-11-27 12:13:36.212036,6659134171_1758633112,18.37,97,495
2025-11-27 12:13:36.408803,6659134171_1884769977,25.75,13,93
2025-11-27 12:13:36.546267,6659134172_5954441640,25.2,15,105
2025-11-27 12:13:36.750789,6659134174_5716408768,12.29,70,239
2025-11-27 12:13:36.934751,6659134177_1314209716,18.0,17,85
2025-11-27 12:13:37.074010,6661055809_2050902820,28.8,1,8
2025-11-27 12:13:37.285218,6661055810_6661055809,5.4,92,138
2025-11-27 12:13:37.418307,6661055810_4961341860,4.41,31,38
2025-11-27 12:13:37.610775,6661055813_6662639319,9.36,15,39
2025-11-27 12:13:37.798730,6661487944_6661487945,19.26,131,701
2025-11-27 12:13:37.978415,6661487944_5641890822,24.48,146,993
2025-11-27 12:13:38.141617,6661487945_6661487944,19.08,10,53
2025-11-27 12:13:38.379903,6661487945_12908782868,23.49,21,137
2025-11-27 12:13:38.623886,6662241086_6662241087,20.0,9,50
2025-11-27 12:13:38.836064,6662241086_4025115175,14.99,238,991
2025-11-27 12:13:38.975530,6662241087_6662241086,15.62,103,447
2025-11-27 12:13:39.167284,6662241087_6662241094,14.6,89,361
2025-11-27 12:13:39.303343,6662241094_6662241095,12.92,68,244
2025-11-27 12:13:39.437721,6662241094_446030797,9.04,43,108
2025-11-27 12:13:39.589171,6662241095_6662241094,13.89,7,27
2025-11-27 12:13:39.733085,6662241095_6662241086,16.22,81,365
2025-11-27 12:13:39.860241,6662639319_2050902830,19.8,16,88
2025-11-27 12:13:39.986205,6666128977_5962836764,61.2,1,17
2025-11-27 12:13:40.236619,6666479030_8598733283,0.0,0,4
2025-11-27 12:13:40.367424,6670444529_6670444530,25.8,78,559
2025-11-27 12:13:40.504351,6670444529_420456683,25.4,18,127
2025-11-27 12:13:40.646045,6670444530_6670444529,3.18,17,15
2025-11-27 12:13:40.828605,6670444530_12513272960,32.74,21,191
2025-11-27 12:13:40.979483,6672531385_12872373346,19.85,39,215
2025-11-27 12:13:41.162904,6677147301_5489009621,16.56,5,23
2025-11-27 12:13:41.380897,6677147301_2050902835,22.58,22,138
2025-11-27 12:13:41.718379,6677300866_309685730,11.79,127,416
2025-11-27 12:13:41.850420,6677300866_6677364041,16.36,11,50
2025-11-27 12:13:42.046381,6677338241_98026475,14.59,37,150
2025-11-27 12:13:42.267163,6677338241_1314209698,18.72,10,52
2025-11-27 12:13:42.398346,6677364041_2295384939,21.6,9,54
2025-11-27 12:13:42.543633,6677687639_5707122750,18.4,9,46
2025-11-27 12:13:42.697358,6677687639_4538571818,32.22,432,3866
2025-11-27 12:13:42.839111,6677687648_1314191405,0.0,0,10
2025-11-27 12:13:42.985567,6677687648_5707122750,25.71,7,50
2025-11-27 12:13:43.256958,6677895172_1494041352,16.12,489,2189
2025-11-27 12:13:43.385550,6677895172_1494041351,26.26,17,124
2025-11-27 12:13:43.521750,6677895176_1494041352,26.1,4,29
2025-11-27 12:13:43.673970,6677895176_1494041351,20.1,149,832
2025-11-27 12:13:43.834300,6684737819_4540453404,22.84,29,184
2025-11-27 12:13:44.195548,6685236291_6685236292,18.96,71,374
2025-11-27 12:13:44.571662,6685236292_6685236291,10.0,9,25
2025-11-27 12:13:44.759202,6685236292_4961341859,10.73,55,164
2025-11-27 12:13:44.969083,6685434573_6662241087,24.87,11,76
2025-11-27 12:13:45.306613,6687964478_5716241017,17.2,9,43
2025-11-27 12:13:45.498230,6688471376_5686449780,11.77,304,994
2025-11-27 12:13:45.679287,6688471376_7920618647,7.65,136,289
2025-11-27 12:13:45.962648,6688490814_6647145130,2.59,50,36
2025-11-27 12:13:46.116599,6688490814_5485653490,25.09,32,223
2025-11-27 12:13:46.252662,6688503842_6405794494,24.0,3,20
2025-11-27 12:13:46.411430,6688503847_1758631175,11.2,9,28
2025-11-27 12:13:46.556700,6688503847_6688503842,10.25,13,37
2025-11-27 12:13:46.732313,6688570392_6441639163,21.6,3,18
2025-11-27 12:13:47.105263,6688570393_6688570397,31.64,38,334
2025-11-27 12:13:47.368919,6688570397_6688570401,17.64,10,49
2025-11-27 12:13:47.571109,6688570397_12600043488,30.24,5,42
2025-11-27 12:13:47.704683,6688570401_6688570392,27.08,44,331
2025-11-27 12:13:47.963107,6689057478_6689057484,27.0,4,30
2025-11-27 12:13:48.241742,6689057478_6689057482,11.78,11,36
2025-11-27 12:13:48.365740,6689057482_6601012241,31.71,26,229
2025-11-27 12:13:48.733512,6689058288_6689057482,32.4,2,18
2025-11-27 12:13:48.868378,6689058288_6689057484,26.8,9,67
2025-11-27 12:13:49.167010,7920618640_5683715143,12.67,133,468
2025-11-27 12:13:49.376357,7920618640_5683715143,12.67,133,468
2025-11-27 12:13:49.511127,7920618647_4599745018,15.0,6,25
2025-11-27 12:13:49.699541,7920618647_7920618648,2.13,66,39
2025-11-27 12:13:49.826513,7920618648_5674347102,4.89,432,587
2025-11-27 12:13:50.011649,7920618648_10130533955,9.9,16,44
2025-11-27 12:13:50.153074,7920618648_4599745018,12.32,225,770
2025-11-27 12:13:50.275514,7985603136_98027697,18.6,6,31
2025-11-27 12:13:50.420601,7985603136_10130533953,16.69,295,1368
2025-11-27 12:13:50.547961,7985603138_5686449780,26.62,38,281
2025-11-27 12:13:50.722853,7985603147_7985603148,15.55,474,2047
2025-11-27 12:13:51.070869,7985603148_7985603147,29.48,16,131
2025-11-27 12:13:51.197029,7985603148_6617292919,19.87,25,138
2025-11-27 12:13:51.451110,8231491408_8231491411,9.93,133,367
2025-11-27 12:13:51.650807,8231491408_5707161162,20.75,17,98
2025-11-27 12:13:51.805295,8231491411_8231491408,4.73,16,21
2025-11-27 12:13:52.059469,8231491411_6685236292,24.13,27,181
2025-11-27 12:13:52.265368,8237661942_2053894358,5.54,13,20
2025-11-27 12:13:52.454284,8237661942_308728680,15.96,67,297
2025-11-27 12:13:52.694858,8242664547_11107112958,17.86,431,2138
2025-11-27 12:13:52.873045,8242664547_12174413404,25.2,8,56
2025-11-27 12:13:53.109047,8242664547_12559133535,17.61,421,2059
2025-11-27 12:13:53.287571,8295729267_3779242655,45.1,36,451
2025-11-27 12:13:53.420535,8295729267_6600206282,24.1,49,328
2025-11-27 12:13:53.625617,8341509535_10743484787,25.2,2,14
2025-11-27 12:13:53.768102,8341509537_5485722628,20.97,69,402
2025-11-27 12:13:53.910981,8341509537_6413551907,25.2,2,14
2025-11-27 12:13:54.093491,8462967636_5710691044,27.0,2,15
2025-11-27 12:13:54.216873,8598733283_6666479030,14.4,1,4
2025-11-27 12:13:54.343429,8598733283_6688490814,21.6,11,66
2025-11-27 12:13:54.543988,8823455179_6661055810,12.32,463,1584
2025-11-27 12:13:54.751651,8823455180_8823455179,9.2,9,23
2025-11-27 12:13:54.872652,8823455180_98031401,5.26,13,19
2025-11-27 12:13:55.044285,8921282801_10202001781,8.66,32,77
2025-11-27 12:13:55.232625,9576908879_1314203096,10.38,17,49
2025-11-27 12:13:55.431243,9970440452_12484632695,25.6,18,128
2025-11-27 12:13:55.558102,9980229913_1497544764,22.88,101,642
2025-11-27 12:13:55.750336,9980229913_7301485388,24.64,45,308
2025-11-27 12:13:55.882154,10076263973_5710098650,28.47,121,957
2025-11-27 12:13:56.065619,10076263976_10076263977,9.97,52,144
2025-11-27 12:13:56.211565,10076263976_4540453394,12.0,129,430
2025-11-27 12:13:56.451369,10076263977_4540453396,30.6,2,17
2025-11-27 12:13:56.603701,10076263978_10076263979,2.57,35,25
2025-11-27 12:13:56.731043,10076263978_4542621501,9.0,8,20
2025-11-27 12:13:56.892262,10076263979_5093497426,27.0,2,15
2025-11-27 12:13:57.122860,10087376960_5641890823,18.72,10,52
2025-11-27 12:13:57.253829,10087376960_5641890821,32.19,17,152
2025-11-27 12:13:57.428788,10100966682_12513272960,15.73,168,734
2025-11-27 12:13:57.581851,10100966682_6685434573,15.0,72,300
2025-11-27 12:13:57.719535,10130533935_1495023340,13.75,435,1662
2025-11-27 12:13:57.851776,10130533953_4600895552,13.11,167,608
2025-11-27 12:13:57.980713,10130533953_7985603138,11.91,13,43
2025-11-27 12:13:58.109941,10130533953_98027697,3.41,37,35
2025-11-27 12:13:58.234131,10130533955_7985603147,21.37,31,184
2025-11-27 12:13:58.434305,10151536198_2570960524,23.06,42,269
2025-11-27 12:13:58.616540,10159724112_6666128977,54.0,1,15
2025-11-27 12:13:58.759276,10180671333_420522002,32.4,6,54
2025-11-27 12:13:58.960427,10180671333_98041254,6.22,22,38
2025-11-27 12:13:59.096814,10202001781_1881927757,20.19,84,471
2025-11-27 12:13:59.266712,10203920310_1881928279,25.2,2,14
2025-11-27 12:13:59.453968,10203920310_5718886024,19.54,14,76
2025-11-27 12:13:59.587820,10203920324_10203920325,14.4,3,12
2025-11-27 12:13:59.714919,10203920324_1881928007,0.0,11,0
2025-11-27 12:13:59.894677,10203920325_5718886024,10.8,1,3
2025-11-27 12:14:00.058485,10203920328_1881927759,0.0,0,0
2025-11-27 12:14:00.201417,10203920329_10203920328,17.6,63,308
2025-11-27 12:14:00.327391,10203920329_1219243636,5.46,31,47
2025-11-27 12:14:00.582127,10296445822_10997686363,21.55,205,1227
2025-11-27 12:14:00.788230,10296445822_10296445824,16.39,600,2731
2025-11-27 12:14:00.955765,10296445822_309816683,16.45,590,2696
2025-11-27 12:14:01.112367,10296445823_309816683,6.69,21,39
2025-11-27 12:14:01.249772,10296445823_10296445822,4.59,40,51
2025-11-27 12:14:01.458076,10296445824_5718916302,18.0,7,35
2025-11-27 12:14:01.634280,10542328776_6685605986,18.51,7,36
2025-11-27 12:14:01.765340,10542328776_1748294274,5.57,31,48
2025-11-27 12:14:01.946903,10542328776_13023100784,20.35,95,537
2025-11-27 12:14:02.131416,10682258584_6603014206,23.97,108,719
2025-11-27 12:14:02.253849,10682258584_6606566488,24.0,3,20
2025-11-27 12:14:02.380997,10743484787_8341509535,25.2,2,14
2025-11-27 12:14:02.580341,10743484787_6610228314,18.19,75,379
2025-11-27 12:14:02.715266,10743484787_8341509537,16.71,14,65
2025-11-27 12:14:02.925991,10965136434_420456595,8.4,6,14
2025-11-27 12:14:03.047592,10965136434_6621078250,30.75,35,299
2025-11-27 12:14:03.211270,10997686363_10296445822,13.16,404,1477
2025-11-27 12:14:03.474671,11014094287_11014094288,10.8,39,117
2025-11-27 12:14:03.676227,11014094287_1884765802,14.38,200,799
2025-11-27 12:14:03.799399,11014094288_11014094287,10.32,15,43
2025-11-27 12:14:03.927601,11014094288_1495023340,10.13,54,152
2025-11-27 12:14:04.083768,11107112919_438036727,21.6,10,60
2025-11-27 12:14:04.217495,11107112919_12559133535,30.6,2,17
2025-11-27 12:14:04.401544,11107112923_10997686363,29.52,5,41
2025-11-27 12:14:04.611283,11107112923_11107112927,27.26,7,53
2025-11-27 12:14:04.782967,11107112927_11107112935,21.6,5,30
2025-11-27 12:14:05.027182,11107112935_11107112929,20.4,9,51
2025-11-27 12:14:05.236983,11107112935_6644721587,17.5,428,2081
2025-11-27 12:14:05.401704,11107112958_8242664547,19.38,157,845
2025-11-27 12:14:05.584326,11111175323_11111175326,27.26,7,53
2025-11-27 12:14:05.762003,11111175326_6600206283,31.04,122,1052
2025-11-27 12:14:05.886671,11182265554_4540453378,21.42,40,238
2025-11-27 12:14:06.150648,11201648616_445970799,14.55,98,396
2025-11-27 12:14:06.404006,11209721500_11209721504,18.33,11,56
2025-11-27 12:14:06.616479,11209721504_13322115744,38.95,44,476
2025-11-27 12:14:06.754084,11700202516_11700202517,21.42,20,119
2025-11-27 12:14:06.936884,11700202516_10087376960,29.7,4,33
2025-11-27 12:14:07.062622,11700202517_11700202516,15.05,11,46
2025-11-27 12:14:07.188178,11700202517_4538405021,29.65,59,486
2025-11-27 12:14:07.375186,11768052436_4538405137,27.6,3,23
2025-11-27 12:14:07.524294,11768052436_11768052437,13.8,12,46
2025-11-27 12:14:07.666069,11768052437_1881949102,33.23,26,240
2025-11-27 12:14:07.863339,11950483412_1884765806,4.11,21,24
2025-11-27 12:14:07.991603,11950483412_11950483417,4.45,38,47
2025-11-27 12:14:08.178368,11950483417_1314209717,18.0,2,10
2025-11-27 12:14:08.304305,12024836052_2274969534,22.85,26,165
2025-11-27 12:14:08.511662,12174413404_8242664547,17.36,419,2020
2025-11-27 12:14:08.656943,12206582473_2570960524,21.86,151,917
2025-11-27 12:14:08.787565,12206582473_6661487944,29.24,57,463
2025-11-27 12:14:08.965616,12357580642_12357580645,10.44,20,58
2025-11-27 12:14:09.103794,12357580642_421080868,5.1,24,34
2025-11-27 12:14:09.240078,12357580645_1497544736,10.8,11,33
2025-11-27 12:14:09.414994,12375164794_12768097335,11.7,4,13
2025-11-27 12:14:09.653458,12375164795_12375164794,9.88,39,107
2025-11-27 12:14:09.828442,12375164795_2302166519,0.0,0,7
2025-11-27 12:14:10.066584,12375164797_12375164798,8.61,46,110
2025-11-27 12:14:10.228226,12375164798_2302164518,23.01,23,147
2025-11-27 12:14:10.408882,12484632695_12484632696,26.18,59,429
2025-11-27 12:14:10.594687,12484632695_12600043494,26.84,22,164
2025-11-27 12:14:10.744947,12484632696_5831399053,30.89,31,266
2025-11-27 12:14:10.876054,12513272960_10100966682,46.8,1,13
2025-11-27 12:14:11.013809,12513272960_5707407591,8.38,64,149
2025-11-27 12:14:11.147523,12559133535_11107112958,30.4,9,76
2025-11-27 12:14:11.279710,12559133535_8242664547,23.23,31,200
2025-11-27 12:14:11.454890,12600043488_12484632696,28.97,21,169
2025-11-27 12:14:11.591617,12600043494_6688570401,22.05,8,49
2025-11-27 12:14:11.779897,12600043494_12600043488,24.69,14,96
2025-11-27 12:14:11.999744,12606538099_4539684490,38.57,42,450
2025-11-27 12:14:12.168484,12606538104_5710222986,15.9,122,539
2025-11-27 12:14:12.343355,12725862784_4541105059,22.2,192,1184
2025-11-27 12:14:12.494005,12725862785_12725862784,18.9,4,21
2025-11-27 12:14:12.637229,12725862785_10151536198,25.71,7,50
2025-11-27 12:14:12.864133,12768097332_1881927756,6.0,12,20
2025-11-27 12:14:12.997559,12768097332_12768097335,7.71,21,45
2025-11-27 12:14:13.128854,12816414542_5718916293,21.2,9,53
2025-11-27 12:14:13.317083,12816414542_98035472,6.99,119,231
2025-11-27 12:14:13.464410,12816414547_5718916292,10.08,5,14
2025-11-27 12:14:13.639238,12872373345_12872373346,7.2,10,20
2025-11-27 12:14:13.829835,12872373345_10203920310,18.9,40,210
2025-11-27 12:14:13.953100,12872373346_12872373345,12.0,6,20
2025-11-27 12:14:14.074117,12872373346_1219243660,13.42,11,41
2025-11-27 12:14:14.293477,12908782868_10151536198,25.2,8,56
2025-11-27 12:14:14.478109,12908782868_12725862784,30.0,6,50
2025-11-27 12:14:14.672357,13023100784_10542328776,17.11,113,537
2025-11-27 12:14:14.824328,13023100784_13023100793,0.0,3,0
2025-11-27 12:14:14.964060,13023100793_13023100794,0.0,0,1
2025-11-27 12:14:15.194106,13023100793_420456583,16.13,162,726
2025-11-27 12:14:15.323575,13023100794_442993523,17.56,74,361
2025-11-27 12:14:15.466164,13023100794_13023100784,0.0,0,1
2025-11-27 12:14:15.648634,13206202825_4538405017,34.03,95,898
2025-11-27 12:14:15.838065,13206202825_4538405006,28.15,50,391
2025-11-27 12:14:16.020043,13282498392_8295729267,27.68,16,123
2025-11-27 12:14:16.206222,13282498392_13282498396,36.57,44,447
2025-11-27 12:14:16.386591,13282498396_6600206282,19.95,192,1064
2025-11-27 12:14:16.594162,13282498396_6600206283,10.58,16,47
2025-11-27 12:14:16.764178,13282498396_13282511305,25.39,19,134
2025-11-27 12:14:16.893427,13282511304_5710691045,36.51,7,71
2025-11-27 12:14:17.048145,13282511305_5598303159,0.0,0,5
2025-11-27 12:14:17.207462,13282511305_13282511304,35.06,80,779
2025-11-27 12:14:17.371545,13322115743_13322115744,26.27,145,1058
2025-11-27 12:14:17.502071,13322115743_5707262958,26.2,65,473
2025-11-27 12:14:17.683312,13322115744_13322115743,19.27,153,819
2025-11-27 12:14:17.931041,13322115744_1879088106,32.86,31,283
2025-11-27 12:14:18.095668,13327548965_13327548966,34.2,2,19
2025-11-27 12:14:18.225027,13327548966_10202001781,15.13,54,227
2025-11-27 12:14:18.356186,13327548966_13327548968,16.45,86,393
2025-11-27 12:14:18.519027,13327548967_2185731479,24.48,25,170
2025-11-27 12:14:18.691981,13327548967_13327548965,15.23,135,571
2025-11-27 12:14:18.885878,13327548968_13327548967,17.28,5,24
